uid	itemid	label	fluid	category	loinc_code
551905	51905		Other Body Fluid	Chemistry	
551532	51532	11-Deoxycorticosterone	Blood	Chemistry	
551957	51957	17-Hydroxycorticosteroids	Urine	Chemistry	
551958	51958	17-Ketosteroids, Urine	Urine	Chemistry	
552068	52068	24 Hr	Blood	Hematology	
551066	51066	24 hr Calcium	Urine	Chemistry	
551067	51067	24 hr Creatinine	Urine	Chemistry	
551068	51068	24 hr Protein	Urine	Chemistry	
550853	50853	25-OH Vitamin D	Blood	Chemistry	
551533	51533	3t	Blood	Chemistry	
551534	51534	4t	Blood	Chemistry	
551959	51959	5-HIAA, Urine	Urine	Chemistry	
551535	51535	5' Nucleotidase	Blood	Chemistry	1690-7
551829	51829	72 Hr Fat	Other Body Fluid	Chemistry	
551925	51925	72 Hr Fat	Stool	Chemistry	
552214	52214	AbnLymp	Blood	Hematology	
550854	50854	Absolute A1c	Blood	Chemistry	
552069	52069	Absolute Basophil Count	Blood	Hematology	704-7
552070	52070	Absolute CD19 Count	Blood	Hematology	
552071	52071	Absolute CD20 Count	Blood	Hematology	
551130	51130	Absolute CD3 Count	Blood	Hematology	8124-0
551131	51131	Absolute CD4 Count	Blood	Hematology	8128-1
552072	52072	Absolute CD56 Count	Blood	Hematology	
551132	51132	Absolute CD8 Count	Blood	Hematology	8138-0
552073	52073	Absolute Eosinophil Count	Blood	Hematology	711-2
550855	50855	Absolute Hemoglobin	Blood	Chemistry	
551536	51536	Absolute Lymphocyte Count	Blood	Chemistry	
551133	51133	Absolute Lymphocyte Count	Blood	Hematology	731-0
552769	52769	Absolute Lymphocyte Count	Blood	Hematology	
552074	52074	Absolute Monocyte Count	Blood	Hematology	742-7
551537	51537	Absolute Neutrophil	Blood	Chemistry	
552075	52075	Absolute Neutrophil Count	Blood	Hematology	751-8
551538	51538	Absolute Other WBC	Blood	Chemistry	
552021	52021	Abz	Blood	Blood Gas	
551134	51134	Acanthocytes	Blood	Hematology	7789-1
550856	50856	Acetaminophen	Blood	Chemistry	3297-9
550857	50857	Acetone	Blood	Chemistry	5567-3
551830	51830	Acid BAO	Other Body Fluid	Chemistry	
551831	51831	Acid MAO	Other Body Fluid	Chemistry	
550858	50858	Acid Phosphatase	Blood	Chemistry	1715-2
550859	50859	Acid Phosphatase, Non-Prostatic	Blood	Chemistry	
551539	51539	Acid Phosphatase, Prostatic Fraction	Blood	Chemistry	1714-5
552076	52076	Acid Phosphatase Stain	Blood	Hematology	
552316	52316	Acid Phosphatase Stain	Bone Marrow	Hematology	
552077	52077	Acidserum	Blood	Hematology	
551832	51832	Adenovirus	Other Body Fluid	Chemistry	
551135	51135	ADP	Blood	Hematology	
551540	51540	Adrenocorticotrophic Hormone	Blood	Chemistry	6016-0
551833	51833	AFP, Amniotic Fluid	Other Body Fluid	Chemistry	
551834	51834	AFP, Body Fluid	Other Body Fluid	Chemistry	
550860	50860	AFP, Maternal Screen	Blood	Chemistry	
551541	51541	Afp Mom	Blood	Chemistry	
550861	50861	Alanine Aminotransferase (ALT)	Blood	Chemistry	1742-6
551835	51835	(Albumi	Other Body Fluid	Chemistry	
551520	51520	(Albumin)	Ascites	Chemistry	
551542	51542	(Albumin)	Blood	Chemistry	2862-1
551775	51775	(Albumin)	Cerebrospinal Fluid	Chemistry	
551807	51807	(Albumin)	Joint Fluid	Chemistry	
551910	51910	(Albumin)	Pleural	Chemistry	
551926	51926	(Albumin)	Stool	Chemistry	
551776	51776	<Albumin>	Cerebrospinal Fluid	Chemistry	
551836	51836	<Albumin>	Other Body Fluid	Chemistry	
550862	50862	Albumin	Blood	Chemistry	1751-7
550835	50835	Albumin, Ascites	Ascites	Chemistry	
552022	52022	Albumin, Blood	Blood	Blood Gas	
551025	51025	Albumin, Body Fluid	Other Body Fluid	Chemistry	
551070	51070	Albumin/Creatinine, Urine	Urine	Chemistry	14958-3
551777	51777	Albumin, CSF	Cerebrospinal Fluid	Chemistry	
551019	51019	Albumin, Joint Fluid	Joint Fluid	Chemistry	
551046	51046	Albumin, Pleural	Pleural	Chemistry	
551927	51927	Albumin, Stool	Stool	Chemistry	
551069	51069	Albumin, Urine	Urine	Chemistry	
552703	52703	Albumin, Urine	Urine	Chemistry	
551960	51960	Aldolase	Urine	Chemistry	
551543	51543	Aldosterone	Blood	Chemistry	
551544	51544	Aldosterone	Blood	Chemistry	1763-2
550863	50863	Alkaline Phosphatase	Blood	Chemistry	6768-6
551521	51521	Alpha-1	Ascites	Chemistry	
551545	51545	Alpha-1	Blood	Chemistry	2865-4
551778	51778	Alpha-1	Cerebrospinal Fluid	Chemistry	
551808	51808	Alpha-1	Joint Fluid	Chemistry	
551837	51837	Alpha-1	Other Body Fluid	Chemistry	
551911	51911	Alpha-1	Pleural	Chemistry	
551928	51928	Alpha-1	Stool	Chemistry	
551961	51961	Alpha-1	Urine	Chemistry	
551546	51546	Alpha-1-antitrypsin	Blood	Chemistry	
551522	51522	Alpha-2	Ascites	Chemistry	
551547	51547	Alpha-2	Blood	Chemistry	2868-8
551779	51779	Alpha-2	Cerebrospinal Fluid	Chemistry	
551809	51809	Alpha-2	Joint Fluid	Chemistry	
551838	51838	Alpha-2	Other Body Fluid	Chemistry	
551912	51912	Alpha-2	Pleural	Chemistry	
551929	51929	Alpha-2	Stool	Chemistry	
551962	51962	Alpha-2	Urine	Chemistry	
551136	51136	Alpha Antiplasmin	Blood	Hematology	
550864	50864	Alpha-Fetoprotein	Blood	Chemistry	1834-1
550801	50801	Alveolar-arterial Gradient	Blood	Blood Gas	
550865	50865	Amikacin	Blood	Chemistry	
550866	50866	Ammonia	Blood	Chemistry	
551461	51461	Ammonium Biurate	Urine	Hematology	
551462	51462	Amorphous Crystals	Urine	Hematology	8246-1
551071	51071	Amphetamine Screen, Urine	Urine	Chemistry	
550867	50867	Amylase	Blood	Chemistry	6697-7
550836	50836	Amylase, Ascites	Ascites	Chemistry	
551026	51026	Amylase, Body Fluid	Other Body Fluid	Chemistry	
551963	51963	Amylase/Creatinine Clearance	Urine	Chemistry	
551073	51073	Amylase/Creatinine Ratio, Urine	Urine	Chemistry	
551780	51780	Amylase, CSF	Cerebrospinal Fluid	Chemistry	
551020	51020	Amylase, Joint Fluid	Joint Fluid	Chemistry	
551047	51047	Amylase, Pleural	Pleural	Chemistry	
551964	51964	Amylase, Serum	Urine	Chemistry	
551930	51930	Amylase, Stool	Stool	Chemistry	
551072	51072	Amylase, Urine	Urine	Chemistry	
551839	51839	Anat Path Hold	Other Body Fluid	Chemistry	
551548	51548	ANCA Titer	Blood	Chemistry	
550868	50868	Anion Gap	Blood	Chemistry	1863-0
552500	52500	Anion Gap	Blood	Chemistry	
551137	51137	Anisocytosis	Blood	Hematology	702-1
551138	51138	Anticardiolipin Antibody IgG	Blood	Hematology	
551139	51139	Anticardiolipin Antibody IgM	Blood	Hematology	
550869	50869	Anti-DGP (IgA/IgG)	Blood	Chemistry	
551549	51549	Anti-GBM Antibody	Blood	Chemistry	
550870	50870	Anti-Gliadin Antibody, IgA	Blood	Chemistry	
551550	51550	Anti Hav	Blood	Chemistry	
551551	51551	Anti Hbc	Blood	Chemistry	
551552	51552	Anti Hbe	Blood	Chemistry	
551553	51553	Anti-hbs	Blood	Chemistry	
551554	51554	Anti Hbs	Blood	Chemistry	
551555	51555	Anti-la	Blood	Chemistry	
551556	51556	Anti-Microsomal Antibodies	Blood	Chemistry	5382-7
551557	51557	Anti-Microsomal Antibody	Blood	Chemistry	8077-0
550871	50871	Anti-Mitochondrial Antibody	Blood	Chemistry	
550872	50872	Anti-Neutrophil Cytoplasmic Antibody	Blood	Chemistry	
550873	50873	Anti-Nuclear Antibody	Blood	Chemistry	5047-6
550874	50874	Anti-Nuclear Antibody, Titer	Blood	Chemistry	8061-4
550875	50875	Anti-Parietal Cell Antibody	Blood	Chemistry	
551558	51558	Antirnp	Blood	Chemistry	
551559	51559	Anti-ro	Blood	Chemistry	
551560	51560	Anti-SARS-CoV-2 IgA	Blood	Chemistry	
551561	51561	Anti-SARS-CoV-2 IgG	Blood	Chemistry	
551562	51562	Anti-Skin Antibody	Blood	Chemistry	
551563	51563	Anti-sm	Blood	Chemistry	
550876	50876	Anti-Smooth Muscle Antibody	Blood	Chemistry	
551140	51140	Antithrombin	Blood	Hematology	
552078	52078	Antithrombin III	Blood	Hematology	
550877	50877	Anti-Thyroglobulin Antibodies	Blood	Chemistry	5380-1
551141	51141	APT Test	Blood	Hematology	
551142	51142	Arachadonic Acid	Blood	Hematology	
551564	51564	ARCH-1	Blood	Chemistry	
551565	51565	Argon	Blood	Chemistry	
552079	52079	ASA Tol	Blood	Hematology	
552080	52080	Asd	Blood	Hematology	
552317	52317	Asd	Bone Marrow	Hematology	
552318	52318	Asd&na-f	Bone Marrow	Hematology	
552081	52081	ASD & NA-F	Blood	Hematology	
550878	50878	Asparate Aminotransferase (AST)	Blood	Chemistry	1920-8
552082	52082	Aspirin Reactivity	Blood	Hematology	
552023	52023	Assist/Control	Blood	Blood Gas	
552215	52215	ATLFlg	Blood	Hematology	
551110	51110	Atypical Lymphocytes	Ascites	Hematology	
551143	51143	Atypical Lymphocytes	Blood	Hematology	733-6
552221	52221	Atypical Lymphocytes	Cerebrospinal Fluid	Hematology	
551365	51365	Atypical Lymphocytes	Joint Fluid	Hematology	
551385	51385	Atypical Lymphocytes	Other Body Fluid	Hematology	
551440	51440	Atypical Lymphocytes	Pleural	Hematology	
552048	52048	Atyps#	Ascites	Hematology	
552222	52222	Atyps#	Cerebrospinal Fluid	Hematology	
552291	52291	Atyps#	Joint Fluid	Hematology	
552336	52336	Atyps#	Other Body Fluid	Hematology	
552375	52375	Atyps#	Pleural	Hematology	
552083	52083	Autohem+g	Blood	Hematology	
552084	52084	Autohem-g	Blood	Hematology	
551463	51463	Bacteria	Urine	Hematology	5769-5
552408	52408	Bacturia	Urine	Hematology	
551111	51111	Bands	Ascites	Hematology	
551144	51144	Bands	Blood	Hematology	763-3
552223	52223	Bands	Cerebrospinal Fluid	Hematology	
551366	51366	Bands	Joint Fluid	Hematology	
551386	51386	Bands	Other Body Fluid	Hematology	
551441	51441	Bands	Pleural	Hematology	
552049	52049	Bands#	Ascites	Hematology	
552224	52224	Bands#	Cerebrospinal Fluid	Hematology	
552292	52292	Bands#	Joint Fluid	Hematology	
552337	52337	Bands#	Other Body Fluid	Hematology	
552376	52376	Bands#	Pleural	Hematology	
550879	50879	Barbiturate Screen	Blood	Chemistry	
551074	51074	Barbiturate Screen, Urine	Urine	Chemistry	3377-9
550802	50802	Base Excess	Blood	Blood Gas	
552038	52038	Base Excess	Fluid	Blood Gas	
552208	52208	BasoFlg	Blood	Hematology	
551145	51145	Basophilic Stippling	Blood	Hematology	703-9
551112	51112	Basophils	Ascites	Hematology	
551146	51146	Basophils	Blood	Hematology	704-7
552225	52225	Basophils	Cerebrospinal Fluid	Hematology	
551367	51367	Basophils	Joint Fluid	Hematology	
551387	51387	Basophils	Other Body Fluid	Hematology	
551442	51442	Basophils	Pleural	Hematology	
552050	52050	Basos#	Ascites	Hematology	
552226	52226	Basos#	Cerebrospinal Fluid	Hematology	
552293	52293	Basos#	Joint Fluid	Hematology	
552338	52338	Basos#	Other Body Fluid	Hematology	
552377	52377	Basos#	Pleural	Hematology	
550880	50880	Benzodiazepine Screen	Blood	Chemistry	
551075	51075	Benzodiazepine Screen, Urine	Urine	Chemistry	
551523	51523	Beta	Ascites	Chemistry	
551566	51566	Beta	Blood	Chemistry	2871-2
551781	51781	Beta	Cerebrospinal Fluid	Chemistry	
551810	51810	Beta	Joint Fluid	Chemistry	
551840	51840	Beta	Other Body Fluid	Chemistry	
551913	51913	Beta	Pleural	Chemistry	
551931	51931	Beta	Stool	Chemistry	
551965	51965	Beta	Urine	Chemistry	
550881	50881	Beta-2 Microglobulin	Blood	Chemistry	
551567	51567	Beta Hydroxybutyrate	Blood	Chemistry	
550882	50882	Bicarbonate	Blood	Chemistry	1963-8
550837	50837	Bicarbonate, Ascites	Ascites	Chemistry	
551782	51782	Bicarbonate, CSF	Cerebrospinal Fluid	Chemistry	
551811	51811	Bicarbonate,Joint Fluid	Joint Fluid	Chemistry	
551027	51027	Bicarbonate, Other Fluid	Other Body Fluid	Chemistry	
551048	51048	Bicarbonate, Pleural	Pleural	Chemistry	
551061	51061	Bicarbonate, Stool	Stool	Chemistry	
551076	51076	Bicarbonate, Urine	Urine	Chemistry	1964-6
552403	52403	Bile	Stool	Hematology	
551966	51966	Bilirubin	Urine	Chemistry	
551464	51464	Bilirubin	Urine	Hematology	5770-3
551465	51465	Bilirubin Crystals	Urine	Hematology	5771-1
550883	50883	Bilirubin, Direct	Blood	Chemistry	1968-7
550884	50884	Bilirubin, Indirect	Blood	Chemistry	1971-1
551568	51568	Bilirubin, Neonatal	Blood	Chemistry	
551569	51569	Bilirubin, Neonatal, Direct	Blood	Chemistry	
551570	51570	Bilirubin, Neonatal, Indirect	Blood	Chemistry	
550885	50885	Bilirubin, Total	Blood	Chemistry	1975-2
550838	50838	Bilirubin, Total, Ascites	Ascites	Chemistry	
551028	51028	Bilirubin, Total, Body Fluid	Other Body Fluid	Chemistry	
551783	51783	Bilirubin, Total, CSF	Cerebrospinal Fluid	Chemistry	
551812	51812	Bilirubin, Total, Joint Fluid	Joint Fluid	Chemistry	
551049	51049	Bilirubin, Total, Pleural	Pleural	Chemistry	
551932	51932	Bilirubin, Total, Stool	Stool	Chemistry	
551571	51571	Billed	Blood	Chemistry	
551572	51572	Bioavailable Testosterone	Blood	Chemistry	
551147	51147	Bite Cells	Blood	Hematology	10371-3
552217	52217	Bl/AbLy	Blood	Hematology	
552216	52216	BlasFlg	Blood	Hematology	
551113	51113	Blasts	Ascites	Hematology	
551148	51148	Blasts	Blood	Hematology	708-8
552227	52227	Blasts	Cerebrospinal Fluid	Hematology	
552294	52294	Blasts	Joint Fluid	Hematology	
552339	52339	Blasts	Other Body Fluid	Hematology	
551443	51443	Blasts	Pleural	Hematology	
552051	52051	Blasts#	Ascites	Hematology	
552228	52228	Blasts#	Cerebrospinal Fluid	Hematology	
552295	52295	Blasts#	Joint Fluid	Hematology	
552340	52340	Blasts#	Other Body Fluid	Hematology	
552378	52378	Blasts#	Pleural	Hematology	
551149	51149	Bleeding Time	Blood	Hematology	
552786	52786	Bleeding Time	Blood	Hematology	
552085	52085	Bleed Tm	Blood	Hematology	
552086	52086	Bleed Tm	Blood	Hematology	
551967	51967	Blood	Urine	Chemistry	
551466	51466	Blood	Urine	Hematology	
550886	50886	Blood Culture Hold	Blood	Chemistry	
551841	51841	Blood, Occult	Other Body Fluid	Chemistry	
551460	51460	Blood, Occult	Stool	Hematology	
551150	51150	Blood Parasite Smear	Blood	Hematology	
550887	50887	Blue Top Hold	Blood	Chemistry	
550888	50888	Blue Top Hold Frozen	Blood	Chemistry	
551467	51467	Broad Casts	Urine	Hematology	
551573	51573	Bromide	Blood	Chemistry	1984-4
552409	52409	Budding Yeast	Urine	Hematology	
551842	51842	Bun	Other Body Fluid	Chemistry	
551574	51574	C1 Inhibitor	Blood	Chemistry	
551575	51575	C1q	Blood	Chemistry	
551576	51576	C2	Blood	Chemistry	
550890	50890	C3	Blood	Chemistry	
550891	50891	C4	Blood	Chemistry	
551577	51577	C5	Blood	Chemistry	
551578	51578	C6	Blood	Chemistry	
550892	50892	CA-125	Blood	Chemistry	
551579	51579	CA 19-9	Blood	Chemistry	
551029	51029	Calcium, Body Fluid	Other Body Fluid	Chemistry	
551468	51468	Calcium Carbonate Crystals	Urine	Hematology	5773-7
551469	51469	Calcium Oxalate Crystals	Urine	Hematology	5774-5
551403	51403	CD25	Other Body Fluid	Hematology	
551470	51470	Calcium Phosphate Crystals	Urine	Hematology	5775-2
550893	50893	Calcium, Total	Blood	Chemistry	2000-8
551077	51077	Calcium, Urine	Urine	Chemistry	2004-0
552039	52039	Calculated Bicarbonate	Fluid	Blood Gas	
550803	50803	Calculated Bicarbonate, Whole Blood	Blood	Blood Gas	
551580	51580	Calculated CK-MB	Blood	Chemistry	
550894	50894	Calculated Free Testosterone	Blood	Chemistry	2991-8
550895	50895	Calculated TBG	Blood	Chemistry	3027-0
550896	50896	Calculated Thyroxine (T4) Index	Blood	Chemistry	
550804	50804	Calculated Total CO2	Blood	Blood Gas	
550897	50897	Call	Blood	Chemistry	
551968	51968	Camp	Urine	Chemistry	
550898	50898	Cancer Antigen 27.29	Blood	Chemistry	
550899	50899	Carbamazepine	Blood	Chemistry	3432-2
550805	50805	Carboxyhemoglobin	Blood	Blood Gas	
550900	50900	Carcinoembyronic Antigen (CEA)	Blood	Chemistry	2039-6
551581	51581	Carotene	Blood	Chemistry	
551969	51969	Catecholamines, Urine	Urine	Chemistry	
551970	51970	Cben	Urine	Chemistry	
551971	51971	Ccoc	Urine	Chemistry	
551152	51152	CD10	Blood	Hematology	
551303	51303	CD10	Bone Marrow	Hematology	
552955	52955	CD10	Bone Marrow	Hematology	
551388	51388	CD10	Other Body Fluid	Hematology	
551153	51153	CD103	Blood	Hematology	
551304	51304	CD103	Bone Marrow	Hematology	
551389	51389	CD103	Other Body Fluid	Hematology	
551154	51154	CD117	Blood	Hematology	
551305	51305	CD117	Bone Marrow	Hematology	
551390	51390	CD117	Other Body Fluid	Hematology	
551155	51155	CD11c	Blood	Hematology	
551306	51306	CD11c	Bone Marrow	Hematology	
551391	51391	CD11c	Other Body Fluid	Hematology	
551156	51156	CD13	Blood	Hematology	
551307	51307	CD13	Bone Marrow	Hematology	
551392	51392	CD13	Other Body Fluid	Hematology	
551157	51157	CD138	Blood	Hematology	
551308	51308	CD138	Bone Marrow	Hematology	
551393	51393	CD138	Other Body Fluid	Hematology	
551158	51158	CD14	Blood	Hematology	
551309	51309	CD14	Bone Marrow	Hematology	
551394	51394	CD14	Other Body Fluid	Hematology	
551159	51159	CD15	Blood	Hematology	
551310	51310	CD15	Bone Marrow	Hematology	
551395	51395	CD15	Other Body Fluid	Hematology	
552087	52087	CD15/56	Blood	Hematology	
551161	51161	CD16	Blood	Hematology	
551311	51311	CD16	Bone Marrow	Hematology	
551396	51396	CD16	Other Body Fluid	Hematology	
551312	51312	CD16/56	Bone Marrow	Hematology	
551397	51397	CD16/56	Other Body Fluid	Hematology	
551163	51163	CD16/56%	Blood	Hematology	
551162	51162	CD16/56 Absolute Count	Blood	Hematology	
551164	51164	CD19	Blood	Hematology	
551313	51313	CD19	Bone Marrow	Hematology	
551398	51398	CD19	Other Body Fluid	Hematology	
551165	51165	CD19 %	Blood	Hematology	
551166	51166	CD19 Absolute Count	Blood	Hematology	
552088	52088	CD 1a	Blood	Hematology	
552319	52319	CD 1a	Bone Marrow	Hematology	
552341	52341	CD 1a	Other Body Fluid	Hematology	
551167	51167	CD2	Blood	Hematology	
551314	51314	CD2	Bone Marrow	Hematology	
551399	51399	CD2	Other Body Fluid	Hematology	
551168	51168	CD20	Blood	Hematology	
551315	51315	CD20	Bone Marrow	Hematology	
551400	51400	CD20	Other Body Fluid	Hematology	
551169	51169	CD20 %	Blood	Hematology	
551170	51170	CD20 Absolute Count	Blood	Hematology	
551171	51171	CD22	Blood	Hematology	
551316	51316	CD22	Bone Marrow	Hematology	
551401	51401	CD22	Other Body Fluid	Hematology	
551172	51172	CD23	Blood	Hematology	
551317	51317	CD23	Bone Marrow	Hematology	
551402	51402	CD23	Other Body Fluid	Hematology	
551173	51173	CD25	Blood	Hematology	
551318	51318	CD25	Bone Marrow	Hematology	
551319	51319	CD3	Bone Marrow	Hematology	
551404	51404	CD3	Other Body Fluid	Hematology	
551174	51174	CD3 %	Blood	Hematology	
552089	52089	CD30	Blood	Hematology	
552320	52320	CD30	Bone Marrow	Hematology	
552342	52342	CD30	Other Body Fluid	Hematology	
551177	51177	CD33	Blood	Hematology	
551320	51320	CD33	Bone Marrow	Hematology	
551405	51405	CD33	Other Body Fluid	Hematology	
551178	51178	CD34	Blood	Hematology	5465-0
551321	51321	CD34	Bone Marrow	Hematology	
551406	51406	CD34	Other Body Fluid	Hematology	
551179	51179	CD38	Blood	Hematology	
551322	51322	CD38	Bone Marrow	Hematology	
551407	51407	CD38	Other Body Fluid	Hematology	
551175	51175	CD3 Absolute Count	Blood	Hematology	
551176	51176	CD3 Cells, Percent	Blood	Hematology	8122-4
551323	51323	CD4	Bone Marrow	Hematology	
551408	51408	CD4	Other Body Fluid	Hematology	
551182	51182	CD41	Blood	Hematology	
551324	51324	CD41	Bone Marrow	Hematology	
551410	51410	CD41	Other Body Fluid	Hematology	
552090	52090	CD42	Blood	Hematology	
552321	52321	CD42	Bone Marrow	Hematology	
552343	52343	CD42	Other Body Fluid	Hematology	
551183	51183	CD45	Blood	Hematology	
551325	51325	CD45	Bone Marrow	Hematology	
551411	51411	CD45	Other Body Fluid	Hematology	
551181	51181	CD4/CD8 Ratio	Blood	Hematology	
551409	51409	CD4/CD8 Ratio	Other Body Fluid	Hematology	
551180	51180	CD4 Cells, Percent	Blood	Hematology	8127-3
551184	51184	CD5	Blood	Hematology	
551326	51326	CD5	Bone Marrow	Hematology	
551412	51412	CD5	Other Body Fluid	Hematology	
551185	51185	CD5 %	Blood	Hematology	
552091	52091	CD52	Blood	Hematology	
552322	52322	CD52	Bone Marrow	Hematology	
552344	52344	CD52	Other Body Fluid	Hematology	
551187	51187	CD55	Blood	Hematology	
551327	51327	CD55	Bone Marrow	Hematology	
552345	52345	CD55	Other Body Fluid	Hematology	
551188	51188	CD56	Blood	Hematology	
551328	51328	CD56	Bone Marrow	Hematology	
551413	51413	CD56	Other Body Fluid	Hematology	
552092	52092	CD56 %	Blood	Hematology	
552093	52093	CD56 Absolute Count	Blood	Hematology	
551189	51189	CD57	Blood	Hematology	
551329	51329	CD57	Bone Marrow	Hematology	
551414	51414	CD57	Other Body Fluid	Hematology	
551190	51190	CD59	Blood	Hematology	
551330	51330	CD59	Bone Marrow	Hematology	
552346	52346	CD59	Other Body Fluid	Hematology	
551186	51186	CD5 Absolute Count	Blood	Hematology	
552094	52094	CD61	Blood	Hematology	
552323	52323	CD61	Bone Marrow	Hematology	
552347	52347	CD61	Other Body Fluid	Hematology	
552095	52095	CD62	Blood	Hematology	
552324	52324	CD62	Bone Marrow	Hematology	
552348	52348	CD62	Other Body Fluid	Hematology	
551191	51191	CD64	Blood	Hematology	
551331	51331	CD64	Bone Marrow	Hematology	
551415	51415	CD64	Other Body Fluid	Hematology	
551192	51192	CD7	Blood	Hematology	
551332	51332	CD7	Bone Marrow	Hematology	
551416	51416	CD7	Other Body Fluid	Hematology	
551193	51193	CD71	Blood	Hematology	
551333	51333	CD71	Bone Marrow	Hematology	
551417	51417	CD71	Other Body Fluid	Hematology	
551334	51334	CD8	Bone Marrow	Hematology	
551418	51418	CD8	Other Body Fluid	Hematology	
551194	51194	CD8 Cells, Percent	Blood	Hematology	8137-2
551843	51843	C. diff PCR	Other Body Fluid	Chemistry	
551933	51933	C. diff PCR	Stool	Chemistry	
551844	51844	C diff Toxin Antigen Assay	Other Body Fluid	Chemistry	
551934	51934	C Diff Toxin Antigen Assay	Stool	Chemistry	
551954	51954	CDT027	Stool	Chemistry	
551956	51956	CDT027	Stool	Chemistry	
551471	51471	Cellular Cast	Urine	Hematology	
550901	50901	Centromere	Blood	Chemistry	
551582	51582	CH50	Blood	Chemistry	
551845	51845	Chlamydia pneumoniae	Other Body Fluid	Chemistry	
551846	51846	Chlamydia trachomatis	Other Body Fluid	Chemistry	43304-5
551972	51972	Chlamydia trachomatis	Urine	Chemistry	
550902	50902	Chloride	Blood	Chemistry	2075-0
552535	52535	Chloride	Blood	Chemistry	
550839	50839	Chloride, Ascites	Ascites	Chemistry	
551030	51030	Chloride, Body Fluid	Other Body Fluid	Chemistry	
551784	51784	Chloride, CSF	Cerebrospinal Fluid	Chemistry	
551813	51813	Chloride, Joint Fluid	Joint Fluid	Chemistry	
551050	51050	Chloride, Pleural	Pleural	Chemistry	
551062	51062	Chloride, Stool	Stool	Chemistry	
551078	51078	Chloride, Urine	Urine	Chemistry	2078-4
550806	50806	Chloride, Whole Blood	Blood	Blood Gas	
552434	52434	Chloride, Whole Blood	Blood	Blood Gas	
552349	52349	Chloroac	Other Body Fluid	Hematology	
552096	52096	Chloroacetate	Blood	Hematology	10780-5
552325	52325	Chloroacetate Esterase	Bone Marrow	Hematology	
550840	50840	Cholesterol, Ascites	Ascites	Chemistry	
551031	51031	Cholesterol, Body Fluid	Other Body Fluid	Chemistry	
551472	51472	Cholesterol Crystals	Urine	Hematology	5777-8
551785	51785	Cholesterol, CSF	Cerebrospinal Fluid	Chemistry	
550904	50904	Cholesterol, HDL	Blood	Chemistry	2086-7
551814	51814	Cholesterol, Joint Fluid	Joint Fluid	Chemistry	
550905	50905	Cholesterol, LDL, Calculated	Blood	Chemistry	2090-9
550906	50906	Cholesterol, LDL, Measured	Blood	Chemistry	
551051	51051	Cholesterol, Pleural	Pleural	Chemistry	
550903	50903	Cholesterol Ratio (Total/HDL)	Blood	Chemistry	9322-9
551935	51935	Cholesterol, Stool	Stool	Chemistry	
550907	50907	Cholesterol, Total	Blood	Chemistry	2093-3
551583	51583	Chol Estr	Blood	Chemistry	
551584	51584	Chylomicrons	Blood	Chemistry	
552097	52097	Circ Ab	Blood	Hematology	
550908	50908	CK-MB Index	Blood	Chemistry	
551524	51524	Clostrid	Ascites	Chemistry	
551585	51585	Clostrid	Blood	Chemistry	
551786	51786	Clostrid	Cerebrospinal Fluid	Chemistry	
551815	51815	Clostrid	Joint Fluid	Chemistry	
551847	51847	Clostrid	Other Body Fluid	Chemistry	
551914	51914	Clostrid	Pleural	Chemistry	
551936	51936	Clostrid	Stool	Chemistry	
552098	52098	Clot Lysis	Blood	Hematology	
552099	52099	Clot Retraction	Blood	Hematology	
552100	52100	Clot Time	Blood	Hematology	
551586	51586	CMV IgG Ab	Blood	Chemistry	
551587	51587	CMV IgG Ab Value	Blood	Chemistry	
551588	51588	CMV IgM Ab	Blood	Chemistry	
551589	51589	CMV IgM Ab Value	Blood	Chemistry	
551590	51590	CMV Interpretation	Blood	Chemistry	
551079	51079	Cocaine, Urine	Urine	Chemistry	
551195	51195	Collagen	Blood	Hematology	
550807	50807	Comments	Blood	Blood Gas	
551591	51591	Confirmation	Blood	Chemistry	
551592	51592	Conj Bili	Blood	Chemistry	
551973	51973	Copi	Urine	Chemistry	
551593	51593	Copper	Blood	Chemistry	5631-7
551974	51974	Copper, Urine	Urine	Chemistry	
551975	51975	Coproporphyrins	Urine	Chemistry	
551848	51848	Coronavirus, NOT CoVID-19	Other Body Fluid	Chemistry	
550909	50909	Cortisol	Blood	Chemistry	2143-6
551976	51976	Cortisol, Urine	Urine	Chemistry	
551849	51849	COV1	Other Body Fluid	Chemistry	
551908	51908	COV2	Other Body Fluid	Chemistry	
551850	51850	COV3	Other Body Fluid	Chemistry	
551909	51909	COV4	Other Body Fluid	Chemistry	
551851	51851	COV5	Other Body Fluid	Chemistry	
551852	51852	COV6	Other Body Fluid	Chemistry	
551853	51853	COVID-19	Other Body Fluid	Chemistry	94500-6
552101	52101	Cr	Blood	Hematology	
550889	50889	C-Reactive Protein	Blood	Chemistry	1988-5
550910	50910	Creatine Kinase (CK)	Blood	Chemistry	2157-6
551594	51594	Creatine Kinase, Isoenzyme BB	Blood	Chemistry	
551595	51595	Creatine Kinase, Isoenzyme MB	Blood	Chemistry	
551596	51596	Creatine Kinase, Isoenzyme MM	Blood	Chemistry	
550911	50911	Creatine Kinase, MB Isoenzyme	Blood	Chemistry	6773-6
550912	50912	Creatinine	Blood	Chemistry	2160-0
552546	52546	Creatinine	Blood	Chemistry	
550841	50841	Creatinine, Ascites	Ascites	Chemistry	
551977	51977	Creatinine, Blood	Urine	Chemistry	
551032	51032	Creatinine, Body Fluid	Other Body Fluid	Chemistry	
551080	51080	Creatinine Clearance	Urine	Chemistry	
551787	51787	Creatinine, CSF	Cerebrospinal Fluid	Chemistry	
551021	51021	Creatinine, Joint Fluid	Joint Fluid	Chemistry	
551052	51052	Creatinine, Pleural	Pleural	Chemistry	
551081	51081	Creatinine, Serum	Urine	Chemistry	
551937	51937	Creatinine, Stool	Stool	Chemistry	
551082	51082	Creatinine, Urine	Urine	Chemistry	2161-8
552024	52024	Creatinine, Whole Blood	Blood	Blood Gas	
552102	52102	Crenated Cells	Blood	Hematology	
552103	52103	Cross Imm	Blood	Hematology	
552104	52104	Cryoglob	Blood	Hematology	
550913	50913	Cryoglobulin	Blood	Chemistry	
552548	52548	Cryoglobulin	Blood	Chemistry	
551525	51525	Cryptococ	Ascites	Chemistry	
551788	51788	Cryptococ	Cerebrospinal Fluid	Chemistry	
551816	51816	Cryptococ	Joint Fluid	Chemistry	
551854	51854	Cryptococ	Other Body Fluid	Chemistry	
551915	51915	Cryptococ	Pleural	Chemistry	
551938	51938	Cryptococ	Stool	Chemistry	
551597	51597	Cvhlc	Blood	Chemistry	
550914	50914	Cyclosporin	Blood	Chemistry	3521-2
551473	51473	Cysteine Crystals	Urine	Hematology	5782-8
551598	51598	Cytomegalovirus Viral Load	Blood	Chemistry	
551599	51599	D	Blood	Chemistry	
550915	50915	D-Dimer	Blood	Chemistry	
552551	52551	D-Dimer	Blood	Chemistry	
551196	51196	D-Dimer	Blood	Hematology	
552025	52025	Delete	Blood	Blood Gas	
551600	51600	Delete	Blood	Chemistry	
551601	51601	Delete	Blood	Chemistry	
551602	51602	Delete	Blood	Chemistry	
551603	51603	Delete	Blood	Chemistry	
551604	51604	Delete	Blood	Chemistry	
552229	52229	Delete	Cerebrospinal Fluid	Hematology	
552230	52230	Delete	Cerebrospinal Fluid	Hematology	
552231	52231	Delete	Cerebrospinal Fluid	Hematology	
552232	52232	Delete	Cerebrospinal Fluid	Hematology	
552233	52233	Delete	Cerebrospinal Fluid	Hematology	
552234	52234	Delete	Cerebrospinal Fluid	Hematology	
552235	52235	Delete	Cerebrospinal Fluid	Hematology	
552236	52236	Delete	Cerebrospinal Fluid	Hematology	
552237	52237	Delete	Cerebrospinal Fluid	Hematology	
552238	52238	Delete	Cerebrospinal Fluid	Hematology	
552239	52239	Delete	Cerebrospinal Fluid	Hematology	
552240	52240	Delete	Cerebrospinal Fluid	Hematology	
552241	52241	Delete	Cerebrospinal Fluid	Hematology	
552242	52242	Delete	Cerebrospinal Fluid	Hematology	
552243	52243	Delete	Cerebrospinal Fluid	Hematology	
552244	52244	Delete	Cerebrospinal Fluid	Hematology	
552245	52245	Delete	Cerebrospinal Fluid	Hematology	
552246	52246	Delete	Cerebrospinal Fluid	Hematology	
552247	52247	Delete	Cerebrospinal Fluid	Hematology	
552248	52248	Delete	Cerebrospinal Fluid	Hematology	
552249	52249	Delete	Cerebrospinal Fluid	Hematology	
552250	52250	Delete	Cerebrospinal Fluid	Hematology	
552251	52251	Delete	Cerebrospinal Fluid	Hematology	
552252	52252	Delete	Cerebrospinal Fluid	Hematology	
552253	52253	Delete	Cerebrospinal Fluid	Hematology	
552254	52254	Delete	Cerebrospinal Fluid	Hematology	
551605	51605	Delta/Dlt	Blood	Chemistry	
550916	50916	DHEA-Sulfate	Blood	Chemistry	2191-5
551606	51606	Digitoxin	Blood	Chemistry	3559-2
550917	50917	Digoxin	Blood	Chemistry	10535-3
551607	51607	Dimeric Inhibin A, Maternal Screen	Blood	Chemistry	
551207	51207	Factor VIII Inhibitor	Blood	Hematology	
552105	52105	Direct Antiplatelet Antibodies	Blood	Hematology	
551978	51978	DirList	Urine	Chemistry	
551608	51608	DirLst	Blood	Chemistry	
551609	51609	Disopyramide	Blood	Chemistry	3576-6
551610	51610	Dlta Bili	Blood	Chemistry	
552290	52290	Dna	I	Hematology	
552106	52106	Donath-l	Blood	Hematology	
550918	50918	Double Stranded DNA	Blood	Chemistry	
551611	51611	Down Syndrome Risk	Blood	Chemistry	
552107	52107	dRVVT - Confirmation	Blood	Hematology	
552108	52108	dRVVT - Normalized Ratio	Blood	Hematology	
552109	52109	dRVVT - Screen	Blood	Hematology	
551612	51612	Dr. X	Blood	Chemistry	
552110	52110	DSmear	Blood	Hematology	
551855	51855	DSPC, Amniotic Fluid	Other Body Fluid	Chemistry	
551613	51613	eAG	Blood	Chemistry	
552111	52111	Echinocytes	Blood	Hematology	7790-9
550919	50919	EDTA Hold	Blood	Chemistry	
551762	51762	EE1	Blood	Chemistry	
551763	51763	EE2	Blood	Chemistry	
551765	51765	EE3	Blood	Chemistry	
551766	51766	EE4	Blood	Chemistry	
551767	51767	EE5	Blood	Chemistry	
551768	51768	EE6	Blood	Chemistry	
551764	51764	EE7	Blood	Chemistry	
551197	51197	Elliptocytes	Blood	Hematology	6681-1
551198	51198	Envelope Cells	Blood	Hematology	681-7
552052	52052	Eos#	Ascites	Hematology	
552255	52255	Eos#	Cerebrospinal Fluid	Hematology	
552296	52296	Eos#	Joint Fluid	Hematology	
552350	52350	Eos#	Other Body Fluid	Hematology	
552379	52379	Eos#	Pleural	Hematology	
552209	52209	EosFlg	Blood	Hematology	
551199	51199	Eosinophil Count	Blood	Hematology	
551114	51114	Eosinophils	Ascites	Hematology	
551200	51200	Eosinophils	Blood	Hematology	711-2
552256	52256	Eosinophils	Cerebrospinal Fluid	Hematology	
551368	51368	Eosinophils	Joint Fluid	Hematology	
551419	51419	Eosinophils	Other Body Fluid	Hematology	
551444	51444	Eosinophils	Pleural	Hematology	
551474	51474	Eosinophils	Urine	Hematology	
551201	51201	Epinepherine	Blood	Hematology	
551475	51475	Epithelial Casts	Urine	Hematology	
551476	51476	Epithelial Cells	Urine	Hematology	5787-7
551856	51856	Epr	Other Body Fluid	Chemistry	
551614	51614	Epstein-Barr Virus EBNA IgG Ab	Blood	Chemistry	
551615	51615	Epstein-Barr Virus EBNA IgG Ab	Blood	Chemistry	
551616	51616	Epstein-Barr Virus IgG Ab Value	Blood	Chemistry	
551617	51617	Epstein-Barr Virus IgM Ab Value	Blood	Chemistry	
551618	51618	Epstein-Barr Virus Interpretation	Blood	Chemistry	
551619	51619	Epstein-Barr Virus VCA IgG Ab	Blood	Chemistry	
551620	51620	Epstein-Barr Virus VCA IgM Ab	Blood	Chemistry	
552198	52198	ErytFlg	Blood	Hematology	
552026	52026	Estimated GFR (MDRD equation)	Blood	Blood Gas	
550920	50920	Estimated GFR (MDRD equation)	Blood	Chemistry	
550921	50921	Estradiol	Blood	Chemistry	
551979	51979	Estriol, Urine	Urine	Chemistry	
550922	50922	Ethanol	Blood	Chemistry	5642-4
551083	51083	Ethanol, Urine	Urine	Chemistry	
551621	51621	Ethylene Glycol	Blood	Chemistry	
552112	52112	Euglobulin Lysis	Blood	Hematology	
551622	51622	Factor B	Blood	Chemistry	
551202	51202	Factor II	Blood	Hematology	3289-6
552838	52838	Factor II	Blood	Hematology	
551203	51203	Factor IX	Blood	Hematology	3188-0
552840	52840	Factor IX	Blood	Hematology	
552113	52113	Factor IX Inhibitor	Blood	Hematology	
551204	51204	Factor V	Blood	Hematology	3193-0
552842	52842	Factor V	Blood	Hematology	
551205	51205	Factor VII	Blood	Hematology	3198-9
552844	52844	Factor VII	Blood	Hematology	
551206	51206	Factor VIII	Blood	Hematology	3209-4
552846	52846	Factor VIII	Blood	Hematology	
552114	52114	Factor VIII Antigen	Blood	Hematology	
551208	51208	Factor X	Blood	Hematology	3218-5
552849	52849	Factor X	Blood	Hematology	
551209	51209	Factor XI	Blood	Hematology	3226-8
552851	52851	Factor XI	Blood	Hematology	
551210	51210	Factor XII	Blood	Hematology	3232-6
552853	52853	Factor XII	Blood	Hematology	
551211	51211	Factor XIII	Blood	Hematology	3240-9
552855	52855	Factor XIII	Blood	Hematology	
552404	52404	Fat	Stool	Hematology	
552410	52410	Fatty Casts	Urine	Hematology	5789-3
550923	50923	Fax	Blood	Chemistry	
551980	51980	Fentanyl	Urine	Chemistry	
550924	50924	Ferritin	Blood	Chemistry	2276-4
551033	51033	FetalFN	Other Body Fluid	Chemistry	
551212	51212	Fetal Hemoglobin	Blood	Hematology	
552351	52351	Fetal Hgb	Other Body Fluid	Hematology	
552352	52352	FETAL LUNG MATURITY - LBC	Other Body Fluid	Hematology	
551213	51213	Fibrin Degradation Products	Blood	Hematology	
552858	52858	Fibrin Degradation Products	Blood	Hematology	
552115	52115	Fibrinoge	Blood	Hematology	
551623	51623	Fibrinogen	Blood	Chemistry	
552116	52116	Fibrinogen	Blood	Hematology	
551214	51214	Fibrinogen, Functional	Blood	Hematology	
552117	52117	Fibrinogen, Immunologic	Blood	Hematology	
552118	52118	Fingerstick	Blood	Hematology	
552119	52119	Fitzgerld	Blood	Hematology	
552120	52120	Fitzgerld	Blood	Hematology	
552394	52394	FL1-D	Q	Hematology	
552395	52395	FL1-%FL2	Q	Hematology	
552396	52396	FL1-S	Q	Hematology	
552397	52397	FL2-D	Q	Hematology	
552398	52398	FL2-%FL1	Q	Hematology	
552399	52399	FL2-S	Q	Hematology	
552121	52121	Fletcher	Blood	Hematology	
551526	51526	Fl Scan	Ascites	Chemistry	
551789	51789	Fl Scan	Cerebrospinal Fluid	Chemistry	
551817	51817	Fl Scan	Joint Fluid	Chemistry	
551857	51857	Fl Scan	Other Body Fluid	Chemistry	
551916	51916	Fl Scan	Pleural	Chemistry	
551939	51939	Fl Scan	Stool	Chemistry	
550829	50829	Fluid Type	Other Body Fluid	Blood Gas	
551215	51215	FMC-7	Blood	Hematology	
551335	51335	FMC-7	Bone Marrow	Hematology	
551420	51420	FMC-7	Other Body Fluid	Hematology	
550925	50925	Folate	Blood	Chemistry	2284-8
552562	52562	Folate	Blood	Chemistry	
550926	50926	Follicle Stimulating Hormone	Blood	Chemistry	2286-3
552199	52199	FragFlg	Blood	Hematology	
551216	51216	Fragmented Cells	Blood	Hematology	10373-9
550808	50808	Free Calcium	Blood	Blood Gas	
551624	51624	Free Calcium	Blood	Chemistry	
551477	51477	Free Fat	Urine	Hematology	
551625	51625	Free Kappa	Blood	Chemistry	
551626	51626	Free Kappa/Free Lambda Ratio	Blood	Chemistry	
551627	51627	Free Lambda	Blood	Chemistry	
551628	51628	Fructosamine	Blood	Chemistry	
551629	51629	Fructosamine Plus	Blood	Chemistry	
552400	52400	FSC-S	Q	Hematology	
552122	52122	Fsp	Blood	Hematology	
552123	52123	G6PD, Qualitative	Blood	Hematology	2356-4
552124	52124	G6pd Spec	Blood	Hematology	
551630	51630	Gamma	Blood	Chemistry	2874-6
551940	51940	Gamma	Stool	Chemistry	
550927	50927	Gamma Glutamyltransferase	Blood	Chemistry	2324-2
550928	50928	Gastrin	Blood	Chemistry	2333-3
552421	52421	GATE	Urine	Hematology	
550929	50929	Gentamicin	Blood	Chemistry	3664-0
550930	50930	Globulin	Blood	Chemistry	2336-6
550809	50809	Glucose	Blood	Blood Gas	
550931	50931	Glucose	Blood	Chemistry	6777-7
552569	52569	Glucose	Blood	Chemistry	
551981	51981	Glucose	Urine	Chemistry	
551478	51478	Glucose	Urine	Hematology	5792-7
550842	50842	Glucose, Ascites	Ascites	Chemistry	
551034	51034	Glucose, Body Fluid	Other Body Fluid	Chemistry	
551790	51790	Glucose, CSF	Cerebrospinal Fluid	Chemistry	
551022	51022	Glucose, Joint Fluid	Joint Fluid	Chemistry	
551053	51053	Glucose, Pleural	Pleural	Chemistry	
551941	51941	Glucose, Stool	Stool	Chemistry	
551084	51084	Glucose, Urine	Urine	Chemistry	
552027	52027	Glucose, Whole Blood	Blood	Blood Gas	
552125	52125	Glutathione	Blood	Hematology	
551631	51631	Glycated Hemoglobin	Blood	Chemistry	
551217	51217	Glyco A	Blood	Hematology	
551336	51336	Glyco A	Bone Marrow	Hematology	
551421	51421	Glyco A	Other Body Fluid	Hematology	
551479	51479	Granular Casts	Urine	Hematology	5793-5
551218	51218	Granulocyte Count	Blood	Hematology	
550932	50932	Gray Top Hold (plasma)	Blood	Chemistry	
550933	50933	Green Top Hold (plasma)	Blood	Chemistry	
551632	51632	Growth Hormone	Blood	Chemistry	
550934	50934	H	Blood	Chemistry	
550935	50935	Haptoglobin	Blood	Chemistry	4542-7
551633	51633	Hbeag	Blood	Chemistry	
551634	51634	Hbsag	Blood	Chemistry	
551635	51635	Hbsag	Blood	Chemistry	
550936	50936	HCG, Maternal Screen	Blood	Chemistry	
551636	51636	HCG, Multiples of Median	Blood	Chemistry	
551637	51637	HCG, Qualitative	Blood	Chemistry	2110-5
551085	51085	HCG, Urine, Qualitative	Urine	Chemistry	
552720	52720	HCG, Urine, Qualitative	Urine	Chemistry	
552126	52126	Heinz Aph	Blood	Hematology	
551220	51220	Heinz Body Prep	Blood	Hematology	
552127	52127	Helmet Cells	Blood	Hematology	10374-7
552028	52028	Hematocrit	Blood	Blood Gas	
551638	51638	Hematocrit	Blood	Chemistry	
551639	51639	Hematocrit	Blood	Chemistry	
551221	51221	Hematocrit	Blood	Hematology	4544-3
551480	51480	Hematocrit	Urine	Hematology	
551115	51115	Hematocrit, Ascites	Ascites	Hematology	
550810	50810	Hematocrit, Calculated	Blood	Blood Gas	
552257	52257	Hematocrit, CSF	Cerebrospinal Fluid	Hematology	
551369	51369	Hematocrit, Joint Fluid	Joint Fluid	Hematology	
551422	51422	Hematocrit, Other Fluid	Other Body Fluid	Hematology	
551445	51445	Hematocrit, Pleural	Pleural	Hematology	
550811	50811	Hemoglobin	Blood	Blood Gas	
551640	51640	Hemoglobin	Blood	Chemistry	
551222	51222	Hemoglobin	Blood	Hematology	718-7
551641	51641	Hemoglobin A	Blood	Chemistry	
551642	51642	Hemoglobin A1	Blood	Chemistry	
550852	50852	% Hemoglobin A1c	Blood	Chemistry	4548-4
551643	51643	Hemoglobin A2	Blood	Chemistry	
551223	51223	Hemoglobin A2	Blood	Hematology	4552-6
551644	51644	Hemoglobin C	Blood	Chemistry	
551224	51224	Hemoglobin C	Blood	Hematology	4561-7
551645	51645	Hemoglobin, Calculated	Blood	Chemistry	
551646	51646	Hemoglobin F	Blood	Chemistry	
551225	51225	Hemoglobin F	Blood	Hematology	9749-3
552128	52128	Hemoglobin H Inclusion	Blood	Hematology	
552129	52129	Hemoglobin Other	Blood	Hematology	
551647	51647	Hemoglobin S	Blood	Chemistry	
551226	51226	Hemogloblin A	Blood	Hematology	10346-5
551227	51227	Hemogloblin S	Blood	Hematology	4622-7
551481	51481	Hemosiderin	Urine	Hematology	
551228	51228	Heparin	Blood	Hematology	
551229	51229	Heparin, LMW	Blood	Hematology	
550937	50937	Hepatitis A Virus Antibody	Blood	Chemistry	5183-9
550938	50938	Hepatitis A Virus IgM Antibody	Blood	Chemistry	
550939	50939	Hepatitis B Core Antibody, IgM	Blood	Chemistry	
550940	50940	Hepatitis B Surface Antibody	Blood	Chemistry	5193-8
550941	50941	Hepatitis B Surface Antigen	Blood	Chemistry	5196-1
551648	51648	Hepatitis B Viral Load	Blood	Chemistry	
550942	50942	Hepatitis B Virus Core Antibody	Blood	Chemistry	5187-0
551649	51649	Hepatitis B Virus E Antibody	Blood	Chemistry	5189-6
551650	51650	Hepatitis B Virus E Antigen	Blood	Chemistry	5191-2
551651	51651	Hepatitis C Viral Load	Blood	Chemistry	
550943	50943	Hepatitis C Virus Antibody	Blood	Chemistry	16128-1
552411	52411	Hgb	Urine	Hematology	5794-3
551652	51652	High-Sensitivity CRP	Blood	Chemistry	
552053	52053	Histio#	Ascites	Hematology	
552297	52297	Histio#	Joint Fluid	Hematology	
552054	52054	Histiocyte	Ascites	Hematology	
552258	52258	Histiocyte	Cerebrospinal Fluid	Hematology	
552298	52298	Histiocyte	Joint Fluid	Hematology	
552353	52353	Histiocyte#	Other Body Fluid	Hematology	
552380	52380	Histiocyte#	Pleural	Hematology	
552130	52130	Histiocytes	Blood	Hematology	
552354	52354	Histiocytes	Other Body Fluid	Hematology	
552381	52381	Histiocytes	Pleural	Hematology	
552259	52259	Histiocytes#	Cerebrospinal Fluid	Hematology	
552131	52131	HIT-Ab Interpreted Result	Blood	Hematology	
552132	52132	HIT-Ab Numerical Result	Blood	Hematology	
551653	51653	HIV 1 Ab Confirmation	Blood	Chemistry	
551654	51654	HIV 1 Viral Load	Blood	Chemistry	
551791	51791	HIV 1 Viral Load	Cerebrospinal Fluid	Chemistry	
551858	51858	HIV 1 Viral Load	Other Body Fluid	Chemistry	
551655	51655	HIV 2 Ab Confirmation	Blood	Chemistry	
550944	50944	HIV Antibody	Blood	Chemistry	5220-9
551230	51230	HLA-DR	Blood	Hematology	
551337	51337	HLA-DR	Bone Marrow	Hematology	
551423	51423	HLA-DR	Other Body Fluid	Hematology	
551656	51656	Hlap	Blood	Chemistry	
552133	52133	Hmwk	Blood	Hematology	
550945	50945	Homocysteine	Blood	Chemistry	13965-9
551219	51219	H/O Smear	Blood	Hematology	
551231	51231	Howell-Jolly Bodies	Blood	Hematology	7793-3
551657	51657	HPE1	Blood	Chemistry	
551658	51658	HPE2	Blood	Chemistry	
551659	51659	HPE3	Blood	Chemistry	
551660	51660	HPE4	Blood	Chemistry	
551661	51661	HPE5	Blood	Chemistry	
551662	51662	HPE6	Blood	Chemistry	
551663	51663	HPE7	Blood	Chemistry	
551664	51664	HPE8	Blood	Chemistry	
551665	51665	HPE9	Blood	Chemistry	
552412	52412	HPF	Urine	Hematology	
551666	51666	H. pylori IgG Ab	Blood	Chemistry	
551667	51667	H. pylori IgG Ab Value	Blood	Chemistry	
551668	51668	Hsap	Blood	Chemistry	
551669	51669	Htlv Ab	Blood	Chemistry	
550946	50946	Human Chorionic Gonadotropin	Blood	Chemistry	2119-6
551859	51859	Human Metapneumovirus	Other Body Fluid	Chemistry	
551860	51860	Human Rhinovirus/Enterovirus	Other Body Fluid	Chemistry	
551482	51482	Hyaline Casts	Urine	Hematology	5796-8
552055	52055	Hyperseg	Ascites	Hematology	
552056	52056	Hyperseg#	Ascites	Hematology	
552382	52382	Hypersegmented Neutrophils#	Pleural	Hematology	
551232	51232	Hypersegmented Neutrophils	Blood	Hematology	766-6
552260	52260	Hypersegmented Neutrophils	Cerebrospinal Fluid	Hematology	
552299	52299	Hypersegmented Neutrophils	Joint Fluid	Hematology	
552355	52355	Hypersegmented Neutrophils	Other Body Fluid	Hematology	
552383	52383	Hypersegmented Neutrophils	Pleural	Hematology	
552261	52261	Hypersegmented Neutrophils #	Cerebrospinal Fluid	Hematology	
552300	52300	Hypersegmented Neutrophils #	Joint Fluid	Hematology	
552356	52356	Hypersegmented Neutrophils#	Other Body Fluid	Hematology	
551483	51483	Hyphenated Yeast	Urine	Hematology	
551233	51233	Hypochromia	Blood	Hematology	728-6
550947	50947	I	Blood	Chemistry	
551670	51670	Icd9	Blood	Chemistry	
551671	51671	IFEgel	Blood	Chemistry	
552134	52134	IG	Blood	Hematology	
552218	52218	IG Flg	Blood	Hematology	
551818	51818	IgG, Joint Fluid	Joint Fluid	Chemistry	
551942	51942	IgG, Stool	Stool	Chemistry	
552135	52135	Immature Granulocytes	Blood	Hematology	
551672	51672	Immune Complexes	Blood	Chemistry	
551673	51673	Immunoelectrophoresis	Blood	Chemistry	
551527	51527	Immunoelectrophoresis, Ascites	Ascites	Chemistry	
551792	51792	Immunoelectrophoresis, CSF	Cerebrospinal Fluid	Chemistry	
551861	51861	Immunoelectrophoresis, Fluid	Other Body Fluid	Chemistry	
551819	51819	Immunoelectrophoresis, Joint Fluid	Joint Fluid	Chemistry	
551917	51917	Immunoelectrophoresis, Pleural	Pleural	Chemistry	
551943	51943	Immunoelectrophoresis, Stool	Stool	Chemistry	
551982	51982	Immunoelectrophoresis, Urine	Urine	Chemistry	
550948	50948	Immunofixation	Blood	Chemistry	
551086	51086	Immunofixation, Urine	Urine	Chemistry	
550949	50949	Immunoglobulin A	Blood	Chemistry	2458-8
551674	51674	Immunoglobulin E	Blood	Chemistry	2462-0
550950	50950	Immunoglobulin G	Blood	Chemistry	2465-3
551528	51528	Immunoglobulin G, Ascites	Ascites	Chemistry	
551862	51862	Immunoglobulin G, Body Fluid	Other Body Fluid	Chemistry	
551793	51793	Immunoglobulin G, CSF	Cerebrospinal Fluid	Chemistry	
551794	51794	Immunoglobulin G, CSF	Cerebrospinal Fluid	Chemistry	
551918	51918	Immunoglobulin G, Pleural	Pleural	Chemistry	
550951	50951	Immunoglobulin M	Blood	Chemistry	2472-9
551234	51234	Immunophenotyping	Blood	Hematology	
551338	51338	Immunophenotyping	Bone Marrow	Hematology	
552262	52262	Immunophenotyping	Cerebrospinal Fluid	Hematology	
551424	51424	Immunophenotyping	Other Body Fluid	Hematology	
551863	51863	Influenza A	Other Body Fluid	Chemistry	
551864	51864	Influenza A by PCR	Other Body Fluid	Chemistry	
551865	51865	Influenza A by PCR	Other Body Fluid	Chemistry	
551866	51866	Influenza A H1	Other Body Fluid	Chemistry	
551867	51867	Influenza A H1-2009	Other Body Fluid	Chemistry	
551868	51868	Influenza A H3	Other Body Fluid	Chemistry	
551869	51869	Influenza A, Rapid Antigen	Other Body Fluid	Chemistry	31859-2
551870	51870	Influenza A, Rapid Antigen	Other Body Fluid	Chemistry	
551871	51871	Influenza B	Other Body Fluid	Chemistry	
551872	51872	Influenza B by PCR	Other Body Fluid	Chemistry	
551873	51873	Influenza B by PCR	Other Body Fluid	Chemistry	
551874	51874	Influenza B, Rapid Antigen	Other Body Fluid	Chemistry	31864-2
551875	51875	Influenza B, Rapid Antigen	Other Body Fluid	Chemistry	
552136	52136	Inhibitor	Blood	Hematology	
551235	51235	Inhibitor Screen	Blood	Hematology	
552137	52137	Inh Scr	Blood	Hematology	
551236	51236	Inpatient Hematology/Oncology Smear	Blood	Hematology	
551675	51675	INR(PT)	Blood	Chemistry	
551237	51237	INR(PT)	Blood	Hematology	5895-7
551676	51676	Insulin	Blood	Chemistry	
550812	50812	Intubated	Blood	Blood Gas	
552029	52029	% Ionized Calcium	Blood	Blood Gas	
550952	50952	Iron	Blood	Chemistry	2498-4
552357	52357	Iron	Other Body Fluid	Hematology	
550953	50953	Iron Binding Capacity, Total	Blood	Chemistry	
551339	51339	Iron Stain	Bone Marrow	Hematology	
552992	52992	Iron Stain	Bone Marrow	Hematology	
551983	51983	Iron, Urine	Urine	Chemistry	
551370	51370	Joint Crystals, Birefringence	Joint Fluid	Hematology	
551371	51371	Joint Crystals, Comment	Joint Fluid	Hematology	
551372	51372	Joint Crystals, Location	Joint Fluid	Hematology	
551373	51373	Joint Crystals, Number	Joint Fluid	Hematology	
551374	51374	Joint Crystals, Shape	Joint Fluid	Hematology	
551238	51238	Kappa	Blood	Hematology	
551340	51340	Kappa	Bone Marrow	Hematology	
551425	51425	Kappa	Other Body Fluid	Hematology	
552138	52138	Kct	Blood	Hematology	
551984	51984	Ketone	Urine	Chemistry	
551484	51484	Ketone	Urine	Hematology	5797-6
551677	51677	K (GREEN)	Blood	Chemistry	
551678	51678	L	Blood	Chemistry	
550813	50813	Lactate	Blood	Blood Gas	
552442	52442	Lactate	Blood	Blood Gas	
550843	50843	Lactate Dehydrogenase, Ascites	Ascites	Chemistry	
551795	51795	Lactate Dehydrogenase, CSF	Cerebrospinal Fluid	Chemistry	
550954	50954	Lactate Dehydrogenase (LD)	Blood	Chemistry	2532-0
551054	51054	Lactate Dehydrogenase, Pleural	Pleural	Chemistry	
551944	51944	Lactate Dehydrogenase, Stool	Stool	Chemistry	
551239	51239	Lambda	Blood	Hematology	
551341	51341	Lambda	Bone Marrow	Hematology	
551426	51426	Lambda	Other Body Fluid	Hematology	
551679	51679	Lap	Blood	Chemistry	
551240	51240	Large Platelets	Blood	Hematology	
551035	51035	LD, Body Fluid	Other Body Fluid	Chemistry	
551680	51680	LD, Isoenzyme 1	Blood	Chemistry	
551681	51681	LD, Isoenzyme 2	Blood	Chemistry	
551682	51682	LD, Isoenzyme 3	Blood	Chemistry	
551683	51683	LD, Isoenzyme 4	Blood	Chemistry	
551684	51684	LD, Isoenzyme 5	Blood	Chemistry	
551023	51023	LD, Joint Fluid	Joint Fluid	Chemistry	
552210	52210	LeftShf	Blood	Hematology	
551087	51087	Length of Urine Collection	Urine	Chemistry	
552139	52139	LE Prep	Blood	Hematology	
551485	51485	Leucine Crystals	Urine	Hematology	5798-4
551241	51241	Leukocyte Alkaline Phosphatase	Blood	Hematology	4659-9
551985	51985	Leukocytes	Urine	Chemistry	
551486	51486	Leukocytes	Urine	Hematology	5799-2
552413	52413	Leuks	Urine	Hematology	5821-4
552414	52414	LEUKS	Urine	Hematology	
551685	51685	Lidocaine	Blood	Chemistry	3714-3
550955	50955	Light Green Top Hold	Blood	Chemistry	
552263	52263	Lining Cell	Cerebrospinal Fluid	Hematology	
552301	52301	Lining Cell	Joint Fluid	Hematology	
552358	52358	Lining Cell	Other Body Fluid	Hematology	
551686	51686	Lip2	Blood	Chemistry	
550956	50956	Lipase	Blood	Chemistry	
550844	50844	Lipase, Ascites	Ascites	Chemistry	
551036	51036	Lipase, Body Fluid	Other Body Fluid	Chemistry	
551055	51055	Lipase, Pleural	Pleural	Chemistry	
551687	51687	Lipo Electrophoresis	Blood	Chemistry	
552030	52030	Lithium	Blood	Blood Gas	
550957	50957	Lithium	Blood	Chemistry	3719-2
552415	52415	LPF	Urine	Hematology	
552140	52140	LS	Blood	Hematology	
551876	51876	L/S Ratio, Amniotic Fluid	Other Body Fluid	Chemistry	
551242	51242	LUC	Blood	Hematology	
551243	51243	Lupus Anticoagulant	Blood	Hematology	
552889	52889	Lupus Anticoagulant	Blood	Hematology	
550958	50958	Luteinizing Hormone	Blood	Chemistry	1599-0
551688	51688	Lyme C6 Ab	Blood	Chemistry	
551689	51689	Lyme G and M Value	Blood	Chemistry	
552211	52211	LymFlg	Blood	Hematology	
551690	51690	Lymphocytes	Blood	Chemistry	
551116	51116	Lymphocytes	Ascites	Hematology	
551244	51244	Lymphocytes	Blood	Hematology	731-0
551375	51375	Lymphocytes	Joint Fluid	Hematology	
551427	51427	Lymphocytes	Other Body Fluid	Hematology	
551446	51446	Lymphocytes	Pleural	Hematology	
551245	51245	Lymphocytes, Percent	Blood	Hematology	
552264	52264	Lymphs	Cerebrospinal Fluid	Hematology	
552057	52057	Lymphs#	Ascites	Hematology	
552265	52265	Lymphs#	Cerebrospinal Fluid	Hematology	
552302	52302	Lymphs#	Joint Fluid	Hematology	
552359	52359	Lymphs#	Other Body Fluid	Hematology	
552384	52384	Lymphs#	Pleural	Hematology	
551246	51246	Macrocytes	Blood	Hematology	738-5
551247	51247	MacroOvalocytes	Blood	Hematology	10376-2
551117	51117	Macrophage	Ascites	Hematology	
552266	52266	Macrophage	Cerebrospinal Fluid	Hematology	
551376	51376	Macrophage	Joint Fluid	Hematology	
551428	51428	Macrophage	Other Body Fluid	Hematology	
552267	52267	Macrophage#	Cerebrospinal Fluid	Hematology	
551447	51447	Macrophages	Pleural	Hematology	
550959	50959	Macro Prolactin	Blood	Chemistry	
550960	50960	Magnesium	Blood	Chemistry	2601-3
551037	51037	Magnesium, Body Fluid	Other Body Fluid	Chemistry	
551088	51088	Magnesium, Urine	Urine	Chemistry	2598-1
552141	52141	Malaria Smear	Blood	Hematology	
551089	51089	Marijuana	Urine	Chemistry	
551248	51248	MCH	Blood	Hematology	785-6
551249	51249	MCHC	Blood	Hematology	786-4
551691	51691	MCV	Blood	Chemistry	
551250	51250	MCV	Blood	Hematology	787-2
551770	51770	MDRDgfr	Blood	Chemistry	
552142	52142	Mean Platelet Volume	Blood	Hematology	
551118	51118	Mesothelial Cell	Ascites	Hematology	
552268	52268	Mesothelial cells	Cerebrospinal Fluid	Hematology	
551429	51429	Mesothelial cells	Other Body Fluid	Hematology	
552269	52269	Mesothelial cells #	Cerebrospinal Fluid	Hematology	
551377	51377	Mesothelial Cells	Joint Fluid	Hematology	
551448	51448	Mesothelial Cells	Pleural	Hematology	
551119	51119	Metamyelocytes	Ascites	Hematology	
551251	51251	Metamyelocytes	Blood	Hematology	
552270	52270	Metamyelocytes	Cerebrospinal Fluid	Hematology	
551378	51378	Metamyelocytes	Joint Fluid	Hematology	
551430	51430	Metamyelocytes	Other Body Fluid	Hematology	
551449	51449	Metamyelocytes	Pleural	Hematology	
552360	52360	Metamyelocytes#	Other Body Fluid	Hematology	
552058	52058	Metas#	Ascites	Hematology	
552271	52271	Metas#	Cerebrospinal Fluid	Hematology	
552303	52303	Metas#	Joint Fluid	Hematology	
552385	52385	Metas#	Pleural	Hematology	
551090	51090	Methadone, Urine	Urine	Chemistry	
552143	52143	Methemalb	Blood	Hematology	
550814	50814	Methemoglobin	Blood	Blood Gas	
552144	52144	Methemoglobin	Blood	Hematology	
550961	50961	Methotrexate	Blood	Chemistry	
551252	51252	Microcytes	Blood	Hematology	741-9
550845	50845	Miscellaneous, Ascites	Ascites	Chemistry	
551038	51038	Miscellaneous, Body Fluid	Other Body Fluid	Chemistry	
551796	51796	Miscellaneous, CSF	Cerebrospinal Fluid	Chemistry	
551056	51056	Miscellaneous, Pleural	Pleural	Chemistry	
551253	51253	Monocyte Count	Blood	Hematology	
551120	51120	Monocytes	Ascites	Hematology	
551254	51254	Monocytes	Blood	Hematology	742-7
552272	52272	Monocytes	Cerebrospinal Fluid	Hematology	
551379	51379	Monocytes	Joint Fluid	Hematology	
552212	52212	MonoFlg	Blood	Hematology	
551431	51431	Monos	Other Body Fluid	Hematology	
551450	51450	Monos	Pleural	Hematology	
552059	52059	Monos#	Ascites	Hematology	
552273	52273	Monos#	Cerebrospinal Fluid	Hematology	
552304	52304	Monos#	Joint Fluid	Hematology	
552361	52361	Monos#	Other Body Fluid	Hematology	
552386	52386	Monos#	Pleural	Hematology	
551692	51692	Monospot, Rapid Antigen	Blood	Chemistry	
552145	52145	Mono Spot Test	Blood	Hematology	5214-2
551877	51877	MRSA PCR	Other Body Fluid	Chemistry	
551693	51693	Mumps IgG Ab	Blood	Chemistry	
551694	51694	Mumps IgG Ab Value	Blood	Chemistry	
551878	51878	Mycoplasma pneumoniae	Other Body Fluid	Chemistry	
551121	51121	Myelocytes	Ascites	Hematology	
551255	51255	Myelocytes	Blood	Hematology	
552274	52274	Myelocytes	Cerebrospinal Fluid	Hematology	
552305	52305	Myelocytes	Joint Fluid	Hematology	
551432	51432	Myelocytes	Other Body Fluid	Hematology	
551451	51451	Myelocytes	Pleural	Hematology	
552060	52060	Myelos#	Ascites	Hematology	
552275	52275	Myelos#	Cerebrospinal Fluid	Hematology	
552306	52306	Myelos#	Joint Fluid	Hematology	
552362	52362	Myelos#	Other Body Fluid	Hematology	
552387	52387	Myelos#	Pleural	Hematology	
551695	51695	Myoglobin	Blood	Chemistry	
552416	52416	Myoglobin	Urine	Hematology	
551091	51091	Myoglobin, Urine	Urine	Chemistry	
550962	50962	N-Acetylprocainamide (NAPA)	Blood	Chemistry	3834-9
552326	52326	Naphthol Acetate Stain	Bone Marrow	Hematology	
552327	52327	Naphthol Butryrate	Bone Marrow	Hematology	
552146	52146	Naphtol Acetate Stain	Blood	Hematology	10765-6
551879	51879	Neisseria gonorrhoeae	Other Body Fluid	Chemistry	
551986	51986	Neisseria gonorrhoeae	Urine	Chemistry	
551696	51696	Neural Tube Defect Risk	Blood	Chemistry	
551697	51697	Neutrophils	Blood	Chemistry	
551256	51256	Neutrophils	Blood	Hematology	761-7
552147	52147	NEUTX	Blood	Hematology	
552148	52148	NEUTY	Blood	Hematology	
552149	52149	NFletcher	Blood	Hematology	
551987	51987	Nitrite	Urine	Chemistry	
551487	51487	Nitrite	Urine	Hematology	5802-4
551698	51698	No MD	Blood	Chemistry	
552150	52150	Non-Specific Esterase	Blood	Hematology	10778-9
551489	51489	NonSquamous Epithelial Cell	Urine	Hematology	
551488	51488	Non-squamous Epithelial Cells	Urine	Hematology	
551880	51880	Norovirus Genogroup I	Other Body Fluid	Chemistry	
551945	51945	Norovirus Genogroup I	Stool	Chemistry	54905-5
551881	51881	Norovirus Genogroup II	Other Body Fluid	Chemistry	
551946	51946	Norovirus Genogroup II	Stool	Chemistry	54906-3
551699	51699	Not Done	Blood	Chemistry	
551700	51700	Np-fx	Blood	Chemistry	
552151	52151	NRBC	Blood	Hematology	
552276	52276	NRBC	Cerebrospinal Fluid	Hematology	
551380	51380	NRBC	Joint Fluid	Hematology	
553012	53012	NRBC	Joint Fluid	Hematology	
551433	51433	NRBC	Other Body Fluid	Hematology	
551452	51452	NRBC	Pleural	Hematology	
553083	53083	NRBC	Pleural	Hematology	
552277	52277	NRBC#	Cerebrospinal Fluid	Hematology	
552363	52363	NRBC#	Other Body Fluid	Hematology	
552213	52213	NRBCFlg	Blood	Hematology	
550963	50963	NTproBNP	Blood	Chemistry	
551122	51122	Nucleated RBC	Ascites	Hematology	
551257	51257	Nucleated Red Cells	Blood	Hematology	772-4
552061	52061	Nuc Rbcs#	Ascites	Hematology	
550815	50815	O2 Flow	Blood	Blood Gas	
551882	51882	O & P	Other Body Fluid	Chemistry	
551947	51947	O & P	Stool	Chemistry	
551988	51988	O & P	Urine	Chemistry	
551092	51092	Opiate Screen, Urine	Urine	Chemistry	
552031	52031	Osmolality	Blood	Blood Gas	
550846	50846	Osmolality, Ascites	Ascites	Chemistry	
551039	51039	Osmolality, Body Fluid	Other Body Fluid	Chemistry	
551701	51701	Osmolality, Calculated	Blood	Chemistry	
551797	51797	Osmolality, CSF	Cerebrospinal Fluid	Chemistry	
551820	51820	Osmolality, Joint Fluid	Joint Fluid	Chemistry	
550964	50964	Osmolality, Measured	Blood	Chemistry	
551919	51919	Osmolality, Pleural	Pleural	Chemistry	
551063	51063	Osmolality, Stool	Stool	Chemistry	
552044	52044	Osmolality, Urine	Urine	Blood Gas	
551093	51093	Osmolality, Urine	Urine	Chemistry	
551258	51258	Osmotic Fragility	Blood	Hematology	
552152	52152	Osmotic Fragility, Incubated	Blood	Hematology	
551123	51123	Other	Ascites	Hematology	
552278	52278	Other	Cerebrospinal Fluid	Hematology	
551381	51381	Other	Joint Fluid	Hematology	
551453	51453	Other	Pleural	Hematology	
551434	51434	Other Cell	Other Body Fluid	Hematology	
551259	51259	Other Cells	Blood	Hematology	729-4
552153	52153	Other Inhibitor	Blood	Hematology	
551490	51490	Oval Fat Body	Urine	Hematology	
551260	51260	Ovalocytes	Blood	Hematology	774-0
551989	51989	Oxycodone	Urine	Chemistry	
550816	50816	Oxygen	Blood	Blood Gas	
550817	50817	Oxygen Saturation	Blood	Blood Gas	
552154	52154	P2Y12 Reaction Units	Blood	Hematology	
552032	52032	P50 of Hemoglobin	Blood	Blood Gas	
551903	51903	PAN1	Other Body Fluid	Chemistry	
552018	52018	PAN1	Urine	Chemistry	
551904	51904	PAN2	Other Body Fluid	Chemistry	
552019	52019	PAN2	Urine	Chemistry	
551772	51772	PAN3	Blood	Chemistry	
551261	51261	Pappenheimer Bodies	Blood	Hematology	7795-8
551883	51883	Parainfluenza 1	Other Body Fluid	Chemistry	
551884	51884	Parainfluenza 2	Other Body Fluid	Chemistry	
551885	51885	Parainfluenza 3	Other Body Fluid	Chemistry	
551886	51886	Parainfluenza 4	Other Body Fluid	Chemistry	
550965	50965	Parathyroid Hormone	Blood	Chemistry	2731-8
551702	51702	Park	Blood	Chemistry	
550818	50818	pCO2	Blood	Blood Gas	
552040	52040	pCO2	Fluid	Blood Gas	
550830	50830	pCO2, Body Fluid	Other Body Fluid	Blood Gas	
550819	50819	PEEP	Blood	Blood Gas	
551262	51262	Pencil Cells	Blood	Hematology	10377-0
551529	51529	PEP, Ascites, Gamma Region	Ascites	Chemistry	
551887	51887	PEP, Body Fluid	Other Body Fluid	Chemistry	
551888	51888	PEP, Body Fluid, Gamma Region	Other Body Fluid	Chemistry	
551798	51798	PEP, CSF	Cerebrospinal Fluid	Chemistry	
551799	51799	PEP, CSF, Gamma Region	Cerebrospinal Fluid	Chemistry	
551703	51703	PEPgel	Blood	Chemistry	
551821	51821	PEP, Joint Fluid, Gamma Region	Joint Fluid	Chemistry	
551920	51920	PEP, Pleural, Gamma Region	Pleural	Chemistry	
552155	52155	Periodic Acid Schiff Stain	Blood	Hematology	9786-5
552328	52328	Periodic Schiff Stain	Bone Marrow	Hematology	
552329	52329	Peroxidase Stain	Bone Marrow	Hematology	
552156	52156	Peroxidase Staining	Blood	Hematology	
550820	50820	pH	Blood	Blood Gas	
552041	52041	pH	Fluid	Blood Gas	
550831	50831	pH	Other Body Fluid	Blood Gas	
551094	51094	pH	Urine	Chemistry	
552730	52730	pH	Urine	Chemistry	
551491	51491	pH	Urine	Hematology	5803-2
550966	50966	Phenobarbital	Blood	Chemistry	3947-9
551990	51990	Phenothiazine Screen, Urine	Urine	Chemistry	
550967	50967	Phenytoin	Blood	Chemistry	3967-7
550968	50968	Phenytoin, Free	Blood	Chemistry	3969-3
550969	50969	Phenytoin, Percent Free	Blood	Chemistry	
550970	50970	Phosphate	Blood	Chemistry	2777-1
551040	51040	Phosphate, Body Fluid	Other Body Fluid	Chemistry	
551095	51095	Phosphate, Urine	Urine	Chemistry	2778-9
551889	51889	Phosphatidylglycerol	Other Body Fluid	Chemistry	
552045	52045	pH, Urine	Urine	Blood Gas	
552417	52417	Pku	Urine	Hematology	
551124	51124	Plasma	Ascites	Hematology	
552279	52279	Plasma	Cerebrospinal Fluid	Hematology	
552307	52307	Plasma	Joint Fluid	Hematology	
551435	51435	Plasma	Other Body Fluid	Hematology	
552062	52062	Plasma#	Ascites	Hematology	
552280	52280	Plasma#	Cerebrospinal Fluid	Hematology	
552308	52308	Plasma#	Joint Fluid	Hematology	
552364	52364	Plasma#	Other Body Fluid	Hematology	
552388	52388	Plasma#	Pleural	Hematology	
551263	51263	Plasma Cells	Blood	Hematology	
551454	51454	Plasma Cells	Pleural	Hematology	
552157	52157	Plasma Hemoglobin	Blood	Hematology	
552158	52158	Plasminogen	Blood	Hematology	
552159	52159	Platelet Aggregation	Blood	Hematology	
551264	51264	Platelet Clumps	Blood	Hematology	
551704	51704	Platelet Count	Blood	Chemistry	
551265	51265	Platelet Count	Blood	Hematology	777-3
551266	51266	Platelet Smear	Blood	Hematology	778-1
552202	52202	PltClmp	Blood	Hematology	
552200	52200	PltDist	Blood	Hematology	
552201	52201	PltScat	Blood	Hematology	
550821	50821	pO2	Blood	Blood Gas	
552042	52042	pO2	Fluid	Blood Gas	
550832	50832	pO2, Body Fluid	Other Body Fluid	Blood Gas	
551267	51267	Poikilocytosis	Blood	Hematology	779-9
551268	51268	Polychromasia	Blood	Hematology	10378-8
551125	51125	Polys	Ascites	Hematology	
552281	52281	Polys	Cerebrospinal Fluid	Hematology	
551382	51382	Polys	Joint Fluid	Hematology	
551436	51436	Polys	Other Body Fluid	Hematology	
551455	51455	Polys	Pleural	Hematology	
552063	52063	Polys#	Ascites	Hematology	
552282	52282	Polys#	Cerebrospinal Fluid	Hematology	
552309	52309	Polys#	Joint Fluid	Hematology	
552365	52365	Polys#	Other Body Fluid	Hematology	
552389	52389	Polys#	Pleural	Hematology	
551096	51096	Porphobilinogen Screen	Urine	Chemistry	
550833	50833	Potassium	Other Body Fluid	Blood Gas	
550971	50971	Potassium	Blood	Chemistry	2823-3
552610	52610	Potassium	Blood	Chemistry	
550847	50847	Potassium, Ascites	Ascites	Chemistry	
551041	51041	Potassium, Body Fluid	Other Body Fluid	Chemistry	
551800	51800	Potassium, CSF	Cerebrospinal Fluid	Chemistry	
551822	51822	Potassium, Joint Fluid	Joint Fluid	Chemistry	
551057	51057	Potassium, Pleural	Pleural	Chemistry	
551064	51064	Potassium, Stool	Stool	Chemistry	
552046	52046	Potassium, Urine	Urine	Blood Gas	
551097	51097	Potassium, Urine	Urine	Chemistry	2828-2
550822	50822	Potassium, Whole Blood	Blood	Blood Gas	
552452	52452	Potassium, Whole Blood	Blood	Blood Gas	
552405	52405	Prblm	Stool	Hematology	
552160	52160	Prekallekrein	Blood	Hematology	
551705	51705	Primidone	Blood	Chemistry	3978-4
551706	51706	Problem Specimen	Blood	Chemistry	
552161	52161	Problem Specimen	Blood	Hematology	
552418	52418	Problem Specimen	Urine	Hematology	
551921	51921	proBNP, Pleural	Pleural	Chemistry	
550972	50972	Procainamide	Blood	Chemistry	3982-6
551707	51707	Progesterone	Blood	Chemistry	2839-9
550973	50973	Prolactin	Blood	Chemistry	2842-3
552064	52064	Promyelo#	Ascites	Hematology	
552310	52310	Promyelo#	Joint Fluid	Hematology	
552366	52366	Promyelocyte#	Other Body Fluid	Hematology	
551126	51126	Promyelocytes	Ascites	Hematology	
551269	51269	Promyelocytes	Blood	Hematology	781-5
552283	52283	Promyelocytes	Cerebrospinal Fluid	Hematology	
552311	52311	Promyelocytes	Joint Fluid	Hematology	
551437	51437	Promyelocytes	Other Body Fluid	Hematology	
551456	51456	Promyelocytes	Pleural	Hematology	
552284	52284	Promyelocytes#	Cerebrospinal Fluid	Hematology	
552390	52390	Promyelocytes#	Pleural	Hematology	
551991	51991	Propoxyphene, Urine	Urine	Chemistry	
550974	50974	Prostate Specific Antigen	Blood	Chemistry	2857-1
551992	51992	Protein	Urine	Chemistry	
551492	51492	Protein	Urine	Hematology	5804-0
551270	51270	Protein C, Antigen	Blood	Hematology	
551271	51271	Protein C, Functional	Blood	Hematology	
551099	51099	Protein/Creatinine Ratio	Urine	Chemistry	2890-2
550975	50975	Protein Electrophoresis	Blood	Chemistry	
552162	52162	Protein S	Blood	Hematology	
551272	51272	Protein S, Antigen	Blood	Hematology	
551273	51273	Protein S, Functional	Blood	Hematology	
550976	50976	Protein, Total	Blood	Chemistry	2885-2
551098	51098	Prot. Electrophoresis, Urine	Urine	Chemistry	
551274	51274	PT	Blood	Hematology	5902-2
552921	52921	PT	Blood	Hematology	
552163	52163	PT Control	Blood	Hematology	
552164	52164	PT Mean	Blood	Hematology	5901-4
551275	51275	PTT	Blood	Hematology	5898-2
552923	52923	PTT	Blood	Hematology	
552165	52165	PTT Control	Blood	Hematology	
552166	52166	PTT-LA	Blood	Hematology	
552167	52167	PTT mea	Blood	Hematology	5899-0
552168	52168	Pyruvate Kinase	Blood	Hematology	
552169	52169	QFib	Blood	Hematology	
551708	51708	Qnthbsab	Blood	Chemistry	
551276	51276	Quantitative G6PD	Blood	Hematology	
551709	51709	Quantitative RPR Test	Blood	Chemistry	
550977	50977	Quinidine	Blood	Chemistry	6694-4
550978	50978	Rapamycin	Blood	Chemistry	
551890	51890	Rapid COVID-19	Other Body Fluid	Chemistry	94534-5
551710	51710	Rapid Plasma Reagin Test	Blood	Chemistry	
552170	52170	Rbc	Blood	Hematology	
551493	51493	RBC	Urine	Hematology	5808-1
552203	52203	RBCAgg	Blood	Hematology	
551127	51127	RBC, Ascites	Ascites	Hematology	
551494	51494	RBC Casts	Urine	Hematology	5807-3
551495	51495	RBC Clumps	Urine	Hematology	
552285	52285	RBC, CSF	Cerebrospinal Fluid	Hematology	
552204	52204	RBCDist	Blood	Hematology	
551383	51383	RBC, Joint Fluid	Joint Fluid	Hematology	
552171	52171	RBC Morphology	Blood	Hematology	
551438	51438	RBC, Other Fluid	Other Body Fluid	Hematology	
551457	51457	RBC, Pleural	Pleural	Hematology	
551277	51277	RDW	Blood	Hematology	788-0
552172	52172	RDW-SD	Blood	Hematology	
552173	52173	Red Blood Cell Enzyme	Blood	Hematology	
551278	51278	Red Blood Cell Fragments	Blood	Hematology	
551711	51711	Red Blood Cells	Blood	Chemistry	
551279	51279	Red Blood Cells	Blood	Hematology	789-8
550979	50979	Red Top Hold	Blood	Chemistry	
551496	51496	Reducing Substances, Urine	Urine	Hematology	
551712	51712	Referred	Blood	Chemistry	
551993	51993	Referred	Urine	Chemistry	
551713	51713	Reflex Confirmatory Hepatitis C Viral Load	Blood	Chemistry	
551714	51714	Reflex HIV Confirmation	Blood	Chemistry	
551497	51497	Renal Epithelial Cells	Urine	Hematology	
551715	51715	Renin	Blood	Chemistry	
551716	51716	Renin	Blood	Chemistry	2915-7
551280	51280	Reptilase Time	Blood	Hematology	
552929	52929	Reptilase Time	Blood	Hematology	
551281	51281	Reptilase Time Control	Blood	Hematology	
552174	52174	Reptilase Time, Control	Blood	Hematology	
550823	50823	Required O2	Blood	Blood Gas	
551717	51717	Reserved	Blood	Chemistry	
551718	51718	Reserved1	Blood	Chemistry	
551719	51719	Reserved3	Blood	Chemistry	
551720	51720	Reserved4	Blood	Chemistry	
551891	51891	Respiratory Syncytial Virus A	Other Body Fluid	Chemistry	
551892	51892	Respiratory Syncytial Virus B	Other Body Fluid	Chemistry	
552206	52206	RetFlg	Blood	Hematology	
551285	51285	Reticulocyte, Cellular Hemoglobin	Blood	Hematology	
551282	51282	Reticulocyte Count, Absolute	Blood	Hematology	
551283	51283	Reticulocyte Count, Automated	Blood	Hematology	
551284	51284	Reticulocyte Count, Manual	Blood	Hematology	
552934	52934	Reticulocyte Count, Manual	Blood	Hematology	
552205	52205	RetScat	Blood	Hematology	
551906	51906	reuse	Other Body Fluid	Chemistry	
551907	51907	reuse1	Other Body Fluid	Chemistry	
551721	51721	Reverse T3	Blood	Chemistry	
551773	51773	RFXFRKL	Blood	Chemistry	
551774	51774	RFXHCV	Blood	Chemistry	
551722	51722	RFXLDLM	Blood	Chemistry	
552424	52424	RFXUCU	Urine	Hematology	
550980	50980	Rheumatoid Factor	Blood	Chemistry	6928-6
551286	51286	Ristocetin	Blood	Hematology	
552175	52175	Ristocetin Response	Blood	Hematology	
552176	52176	Rouleaux	Blood	Hematology	
551723	51723	Rubella	Blood	Chemistry	
551724	51724	Rubella IgG Ab	Blood	Chemistry	
551725	51725	Rubeola IgG Ab	Blood	Chemistry	
551726	51726	Rubeola IgG Ab Value	Blood	Chemistry	
551769	51769	RUBIgGV	Blood	Chemistry	
552422	52422	RUN	Urine	Hematology	
550981	50981	Salicylate	Blood	Chemistry	4023-8
551287	51287	Schistocytes	Blood	Hematology	800-3
552177	52177	SCT - Confirmation	Blood	Hematology	
552178	52178	SCT - Normalized Ratio	Blood	Hematology	
552179	52179	SCT - Screen	Blood	Hematology	
551288	51288	Sedimentation Rate	Blood	Hematology	4537-7
551727	51727	Send Out	Blood	Chemistry	
551728	51728	Serum B12	Blood	Chemistry	
551729	51729	Serum B12	Blood	Chemistry	
551730	51730	Serum Folate	Blood	Chemistry	
551289	51289	Serum Viscosity	Blood	Hematology	3128-6
550982	50982	Sex Hormone Binding Globulin	Blood	Chemistry	2942-1
551290	51290	Sickle Cell Preparation	Blood	Hematology	
551291	51291	Sickle Cells	Blood	Hematology	801-1
551731	51731	Single Stranded DNA	Blood	Chemistry	
552423	52423	SKIP	Urine	Hematology	
550983	50983	Sodium	Blood	Chemistry	2951-2
552623	52623	Sodium	Blood	Chemistry	
550848	50848	Sodium, Ascites	Ascites	Chemistry	
550834	50834	Sodium, Body Fluid	Other Body Fluid	Blood Gas	
551042	51042	Sodium, Body Fluid	Other Body Fluid	Chemistry	
551801	51801	Sodium, CSF	Cerebrospinal Fluid	Chemistry	
551823	51823	Sodium, Joint Fluid	Joint Fluid	Chemistry	
551058	51058	Sodium, Pleural	Pleural	Chemistry	
551065	51065	Sodium, Stool	Stool	Chemistry	
552047	52047	Sodium, Urine	Urine	Blood Gas	
551100	51100	Sodium, Urine	Urine	Chemistry	2955-3
550824	50824	Sodium, Whole Blood	Blood	Blood Gas	
552455	52455	Sodium, Whole Blood	Blood	Blood Gas	
551994	51994	Specific Gravity	Urine	Chemistry	
551498	51498	Specific Gravity	Urine	Hematology	5811-5
552033	52033	Specimen Type	Blood	Blood Gas	
551499	51499	Sperm	Urine	Hematology	
551292	51292	Spherocytes	Blood	Hematology	802-9
552401	52401	SSC-D	Q	Hematology	
552402	52402	SSC-S	Q	Hematology	
552180	52180	STA-CLOT	Blood	Hematology	
551893	51893	Staph aureus PCR	Other Body Fluid	Chemistry	
550984	50984	Stat	Blood	Chemistry	
552181	52181	Stomatocyte	Blood	Hematology	
551894	51894	Strep A, Rapid Antigen	Other Body Fluid	Chemistry	
551895	51895	Strep A, Rapid Antigen	Other Body Fluid	Chemistry	
550985	50985	Study Tubes	Blood	Chemistry	
551995	51995	Study Urine	Urine	Chemistry	
551732	51732	STX1	Blood	Chemistry	
551733	51733	STX2	Blood	Chemistry	
551734	51734	STX3	Blood	Chemistry	
551735	51735	STX4	Blood	Chemistry	
551736	51736	STX5	Blood	Chemistry	
551737	51737	STX6	Blood	Chemistry	
552330	52330	Sudan Black Stain	Bone Marrow	Hematology	
552182	52182	Sudan Black Staining	Blood	Hematology	10813-4
551896	51896	Sudan Stain	Other Body Fluid	Chemistry	
551948	51948	Sudan Stain	Stool	Chemistry	
551293	51293	Sugar Water Test	Blood	Hematology	
552183	52183	Sulf Hgb	Blood	Hematology	
551500	51500	Sulfonamides	Urine	Hematology	
551897	51897	Surfactant/Albumin	Other Body Fluid	Chemistry	
551898	51898	Surf/Alb	Other Body Fluid	Chemistry	
550986	50986	tacroFK	Blood	Chemistry	
551294	51294	Target Cells	Blood	Hematology	10381-2
552184	52184	TCR Alpha-Beta	Blood	Hematology	
552331	52331	TCR Alpha-Beta	Bone Marrow	Hematology	
552367	52367	TCR Alpha-Beta	Other Body Fluid	Hematology	
552185	52185	TCR Gamma-Delta	Blood	Hematology	
552332	52332	TCR Gamma-Delta	Bone Marrow	Hematology	
552368	52368	TCR Gamma-Delta	Other Body Fluid	Hematology	
551295	51295	TdT	Blood	Hematology	
552335	52335	TdT	Bone Marrow	Hematology	
552373	52373	TdT	Other Body Fluid	Hematology	
551296	51296	Teardrop Cells	Blood	Hematology	7791-7
550825	50825	Temperature	Blood	Blood Gas	
552186	52186	Test	Blood	Hematology	
550988	50988	Testosterone	Blood	Chemistry	2993-4
550989	50989	Testosterone, Free	Blood	Chemistry	2991-8
550990	50990	Theophylline	Blood	Chemistry	4049-3
551297	51297	Thrombin	Blood	Hematology	
552948	52948	Thrombin	Blood	Hematology	
552187	52187	Thrombin Time	Blood	Hematology	
552188	52188	Thrombin Time Control	Blood	Hematology	
552189	52189	Thrombin Time Control	Blood	Hematology	
550991	50991	Thyroglobulin	Blood	Chemistry	3013-0
551738	51738	Thyroid Binding Globulin	Blood	Chemistry	3021-3
550992	50992	Thyroid Peroxidase Antibodies	Blood	Chemistry	
550993	50993	Thyroid Stimulating Hormone	Blood	Chemistry	3016-3
550994	50994	Thyroxine (T4)	Blood	Chemistry	3026-2
550995	50995	Thyroxine (T4), Free	Blood	Chemistry	3024-7
550826	50826	Tidal Volume	Blood	Blood Gas	
552190	52190	Tissue Thromboplastin Inhibitor	Blood	Hematology	
550996	50996	Tissue Transglutaminase Ab, IgA	Blood	Chemistry	
550997	50997	Tobramycin	Blood	Chemistry	4058-4
552034	52034	Total Calcium	Blood	Blood Gas	
552035	52035	Total Calcium	Blood	Blood Gas	
551739	51739	Total CO2	Blood	Chemistry	
551101	51101	Total Collection Time	Urine	Chemistry	
552065	52065	Total Nucleated Cells, Ascites	Ascites	Hematology	
552286	52286	Total Nucleated Cells, CSF	Cerebrospinal Fluid	Hematology	
552312	52312	Total Nucleated Cells, Joint	Joint Fluid	Hematology	
552369	52369	Total Nucleated Cells, Other	Other Body Fluid	Hematology	
552391	52391	Total Nucleated Cells, Pleural	Pleural	Hematology	
550849	50849	Total Protein, Ascites	Ascites	Chemistry	
551043	51043	Total Protein, Body Fluid	Other Body Fluid	Chemistry	
551802	51802	Total Protein, CSF	Cerebrospinal Fluid	Chemistry	
551024	51024	Total Protein, Joint Fluid	Joint Fluid	Chemistry	
551059	51059	Total Protein, Pleural	Pleural	Chemistry	
551949	51949	Total Protein, Stool	Stool	Chemistry	
551102	51102	Total Protein, Urine	Urine	Chemistry	2887-8
551740	51740	Toxic Screen	Blood	Chemistry	
551741	51741	Toxoplasma IgG Ab	Blood	Chemistry	
551742	51742	Toxoplasma IgG Ab Value	Blood	Chemistry	
551743	51743	Toxoplasma IgM Ab	Blood	Chemistry	
551744	51744	Toxoplasma IgM Ab Value	Blood	Chemistry	
551745	51745	Toxoplasma Interpretation	Blood	Chemistry	
552333	52333	Tr-acid	Bone Marrow	Hematology	
552191	52191	Tr- Acid	Blood	Hematology	
550998	50998	Transferrin	Blood	Chemistry	2500-7
551746	51746	Transferrin Saturation	Blood	Chemistry	
551501	51501	Transitional Epithelial Cells	Urine	Hematology	
552192	52192	Trap Stain	Blood	Hematology	
551747	51747	Treponemal Antibody Test	Blood	Chemistry	
551748	51748	Treponema pallidum (Syphilis) Ab	Blood	Chemistry	
551749	51749	Treponema pallidum (syphilis) value	Blood	Chemistry	
551502	51502	Trichomonas	Urine	Hematology	
551899	51899	Trichomonas vaginalis	Other Body Fluid	Chemistry	
551996	51996	Trichomonas vaginalis	Urine	Chemistry	
550999	50999	Tricyclic Antidepressant Screen	Blood	Chemistry	
551044	51044	Triglycer	Other Body Fluid	Chemistry	
551000	51000	Triglycerides	Blood	Chemistry	1644-4
550850	50850	Triglycerides, Ascites	Ascites	Chemistry	
551803	51803	Triglycerides, CSF	Cerebrospinal Fluid	Chemistry	
551824	51824	Triglycerides, Joint Fluid	Joint Fluid	Chemistry	
551060	51060	Triglycerides, Pleural	Pleural	Chemistry	
551950	51950	Triglycerides, Stool	Stool	Chemistry	
551001	51001	Triiodothyronine (T3)	Blood	Chemistry	3053-6
551503	51503	Triple Phosphate Crystals	Urine	Hematology	5814-9
551002	51002	Troponin I	Blood	Chemistry	10839-9
552642	52642	Troponin I	Blood	Chemistry	
551003	51003	Troponin T	Blood	Chemistry	6598-7
552207	52207	TurbHbI	Blood	Hematology	
551504	51504	Tyrosine Crystals	Urine	Hematology	5815-6
552426	52426	UCU1	Urine	Hematology	
552427	52427	UCU2	Urine	Hematology	
551004	51004	UE3, Maternal Screen	Blood	Chemistry	
551750	51750	UE3, Multiples of Median	Blood	Chemistry	2246-7
551103	51103	Uhold	Urine	Chemistry	
551997	51997	UIFEgel	Urine	Chemistry	
551751	51751	Uncon Bil	Blood	Chemistry	
551998	51998	UPEPgel	Urine	Chemistry	
551005	51005	Uptake Ratio	Blood	Chemistry	3050-2
551006	51006	Urea Nitrogen	Blood	Chemistry	3094-0
552647	52647	Urea Nitrogen	Blood	Chemistry	
550851	50851	Urea Nitrogen, Ascites	Ascites	Chemistry	
551045	51045	Urea Nitrogen, Body Fluid	Other Body Fluid	Chemistry	
551804	51804	Urea Nitrogen, CSF	Cerebrospinal Fluid	Chemistry	
551825	51825	Urea Nitrogen, Joint Fluid	Joint Fluid	Chemistry	
551922	51922	Urea Nitrogen, Pleural	Pleural	Chemistry	
551951	51951	Urea Nitrogen, Stool	Stool	Chemistry	
551104	51104	Urea Nitrogen, Urine	Urine	Chemistry	
551007	51007	Uric Acid	Blood	Chemistry	3084-1
551530	51530	Uric Acid, Ascites	Ascites	Chemistry	
551900	51900	Uric Acid, Body Fluid	Other Body Fluid	Chemistry	
551505	51505	Uric Acid Crystals	Urine	Hematology	5817-2
551805	51805	Uric Acid, CSF	Cerebrospinal Fluid	Chemistry	
551826	51826	Uric Acid, Joint Fluid	Joint Fluid	Chemistry	
551923	51923	Uric Acid, Pleural	Pleural	Chemistry	
551952	51952	Uric Acid, Stool	Stool	Chemistry	
551105	51105	Uric Acid, Urine	Urine	Chemistry	3086-6
551999	51999	Urine Amylase	Urine	Chemistry	
551506	51506	Urine Appearance	Urine	Hematology	5767-9
551507	51507	Urine Casts, Other	Urine	Hematology	9842-6
551508	51508	Urine Color	Urine	Hematology	5778-6
551509	51509	Urine Comments	Urine	Hematology	
552000	52000	Urine Creatinine	Urine	Chemistry	
551106	51106	Urine Creatinine	Urine	Chemistry	
551510	51510	Urine Crystals, Other	Urine	Hematology	
551511	51511	Urine Fat Bodies	Urine	Hematology	
551512	51512	Urine Mucous	Urine	Hematology	8247-9
552001	52001	Urine PEP, Gamma region	Urine	Chemistry	
551513	51513	Urine Specimen Type	Urine	Hematology	
551107	51107	Urine tube, held	Urine	Chemistry	
551108	51108	Urine Volume	Urine	Chemistry	
551109	51109	Urine Volume, Total	Urine	Chemistry	
552002	52002	Urobilinogen	Urine	Chemistry	
551514	51514	Urobilinogen	Urine	Hematology	5818-0
552003	52003	Uroporphyrins	Urine	Chemistry	
552004	52004	UTX1	Urine	Chemistry	
552020	52020	UTX10	Urine	Chemistry	
552005	52005	UTX2	Urine	Chemistry	
552006	52006	UTX3	Urine	Chemistry	
552007	52007	UTX4	Urine	Chemistry	
552008	52008	UTX5	Urine	Chemistry	
552009	52009	UTX6	Urine	Chemistry	
552010	52010	UTX7	Urine	Chemistry	
552011	52011	UTX8	Urine	Chemistry	
552012	52012	UTX9	Urine	Chemistry	
551008	51008	Valproic Acid	Blood	Chemistry	4086-5
551009	51009	Vancomycin	Blood	Chemistry	4091-5
552013	52013	Vanillylmandelic Acid	Urine	Chemistry	
550827	50827	Ventilation Rate	Blood	Blood Gas	
550828	50828	Ventilator	Blood	Blood Gas	
552193	52193	Viii Ag	Blood	Hematology	
552194	52194	VIII-CIE	Blood	Hematology	
551010	51010	Vitamin B12	Blood	Chemistry	2170-9
552036	52036	Voided Specimen	Blood	Blood Gas	
552043	52043	Voided Specimen	Other Body Fluid	Blood Gas	
551531	51531	Voided Specimen	Ascites	Chemistry	
551752	51752	Voided Specimen	Blood	Chemistry	
551828	51828	Voided Specimen	Bone Marrow	Chemistry	
551806	51806	Voided Specimen	Cerebrospinal Fluid	Chemistry	
551827	51827	Voided Specimen	Joint Fluid	Chemistry	
551901	51901	Voided Specimen	Other Body Fluid	Chemistry	
551924	51924	Voided Specimen	Pleural	Chemistry	
551953	51953	Voided Specimen	Stool	Chemistry	
552014	52014	Voided Specimen	Urine	Chemistry	
552066	52066	Voided Specimen	Ascites	Hematology	
552195	52195	Voided Specimen	Blood	Hematology	
552334	52334	Voided Specimen	Bone Marrow	Hematology	
552287	52287	Voided Specimen	Cerebrospinal Fluid	Hematology	
552313	52313	Voided Specimen	Joint Fluid	Hematology	
552370	52370	Voided Specimen	Other Body Fluid	Hematology	
552392	52392	Voided Specimen	Pleural	Hematology	
552406	52406	Voided Specimen	Stool	Hematology	
552419	52419	Voided Specimen	Urine	Hematology	
551298	51298	Von Willebrand Factor Activity	Blood	Hematology	6014-5
551299	51299	Von Willebrand Factor Antigen	Blood	Hematology	6012-9
551902	51902	Vpf	Other Body Fluid	Chemistry	
551753	51753	VZV IgG Ab	Blood	Chemistry	
551754	51754	VZV IgG Ab Value	Blood	Chemistry	
552196	52196	WAM Manual Diff	Blood	Hematology	
552197	52197	WAM MANUAL DIFF 2	Blood	Hematology	
551515	51515	Waxy Casts	Urine	Hematology	5819-8
552407	52407	WBC	Stool	Hematology	
551516	51516	WBC	Urine	Hematology	5821-4
551517	51517	WBC Casts	Urine	Hematology	5820-6
551518	51518	WBC Clumps	Urine	Hematology	
551300	51300	WBC Count	Blood	Hematology	
552220	52220	wbcp	Blood	Hematology	
552219	52219	WBCScat	Blood	Hematology	
552037	52037	WB tCO2	Blood	Blood Gas	
551755	51755	White Blood Cells	Blood	Chemistry	
551756	51756	White Blood Cells	Blood	Chemistry	
551301	51301	White Blood Cells	Blood	Hematology	804-5
551342	51342	Wright Giemsa	Bone Marrow	Hematology	
552425	52425	XUCU	Urine	Hematology	
551757	51757	Xxx	Blood	Chemistry	
551758	51758	Xylose	Blood	Chemistry	
552015	52015	Xylose	Urine	Chemistry	
551519	51519	Yeast	Urine	Hematology	5822-2
551129	51129	Young	Ascites	Hematology	
552288	52288	Young	Cerebrospinal Fluid	Hematology	
552314	52314	Young	Joint Fluid	Hematology	
552371	52371	Young	Other Body Fluid	Hematology	
552067	52067	Young#	Ascites	Hematology	
552289	52289	Young#	Cerebrospinal Fluid	Hematology	
552315	52315	Young#	Joint Fluid	Hematology	
552372	52372	Young#	Other Body Fluid	Hematology	
552393	52393	Young#	Pleural	Hematology	
551302	51302	Young Cells	Blood	Hematology	
551459	51459	Young Cells	Pleural	Hematology	
551759	51759	Z	Blood	Chemistry	
551760	51760	Z	Blood	Chemistry	
552016	52016	Z	Urine	Chemistry	
551761	51761	Zinc	Blood	Chemistry	5763-8
552017	52017	Zinc, Urine	Urine	Chemistry	
552420	52420	ZZDUMMY	Urine	Hematology	
551771	51771		Blood	Chemistry	
551955	51955		Stool	Chemistry	
552374	52374		Other Body Fluid	Hematology	